# Made in Blockbench 5.1.6
mtllib MockupMap.mtl

o Gate
v -0.0234375 0.25 1.703125
v -0.0234375 0.25 1.671875
v -0.0234375 0 1.703125
v -0.0234375 0 1.671875
v -0.2890625 0.25 1.703125
v -0.2890625 0.25 1.671875
v -0.2890625 0 1.703125
v -0.2890625 0 1.671875
vt 0.375 1
vt 0 1
vt 0 0.5
vt 0.375 0.5
vt 0.375 0.5
vt 0.375 1
vt 0 1
vt 0 0.5
vt 0 0.625
vt 0.375 0.625
vt 0.375 1
vt 0 1
vt 0.375 0.625
vt 0.375 1
vt 0 1
vt 0 0.625
vt 0.375 0.5
vt 0.375 1
vt 0 1
vt 0 0.5
vt 0.375 1
vt 0 1
vt 0 0.5
vt 0.375 0.5
vn 1 0 0
vn -1 0 0
vn 0 1 0
vn 0 -1 0
vn 0 0 1
vn 0 0 -1
usemtl none
f 2/1/1 1/2/1 3/3/1 4/4/1
f 7/5/2 5/6/2 6/7/2 8/8/2
f 5/9/3 1/10/3 2/11/3 6/12/3
f 4/13/4 3/14/4 7/15/4 8/16/4
f 3/17/5 1/18/5 5/19/5 7/20/5
f 6/21/6 2/22/6 4/23/6 8/24/6
o Font
v -0.125 0 2.125
v -0.125 0.0625 2.125
v -0.0708734122634726 0 2.21875
v -0.0708734122634726 0.0625 2.21875
v -0.01674682452694519 0 2.125
v -0.01674682452694519 0.0625 2.125
v -0.0708734122634726 0 2.03125
v -0.0708734122634726 0.0625 2.03125
v -0.17912658773652743 0 2.03125
v -0.17912658773652743 0.0625 2.03125
v -0.2332531754730548 0 2.125
v -0.2332531754730548 0.0625 2.125
v -0.17912658773652745 0 2.21875
v -0.17912658773652745 0.0625 2.21875
vt 0.10825625 0.90625
vt 0.054125 1
vt 0 0.90625
vt 0 0.9375
vt 0.10825000000000001 0.9375
vt 0.10825000000000001 1
vt 0 1
vt 0.054125 0.90625
vt 0.10825625 1
vt 0 1
vt 0.054125 0.90625
vt 0.10825625 1
vt 0 1
vt 0 0.9375
vt 0.10825000000000001 0.9375
vt 0.10825000000000001 1
vt 0 1
vt 0.10825625 0.90625
vt 0.054125 1
vt 0 0.90625
vt 0 0.90625
vt 0.10825000000000001 0.90625
vt 0.054125000000000006 1
vt 0 0.9375
vt 0.10825000000000001 0.9375
vt 0.10825000000000001 1
vt 0 1
vt 0.10825000000000001 1
vt 0 1
vt 0.054125000000000006 0.90625
vt 0 1
vt 0.05413124999999999 0.90625
vt 0.10825625 1
vt 0 0.9375
vt 0.10825000000000001 0.9375
vt 0.10825000000000001 1
vt 0 1
vt 0.05413124999999999 1
vt 0 0.90625
vt 0.10825625 0.90625
vt 0.05413124999999999 1
vt 0 0.90625
vt 0.10825625 0.90625
vt 0 0.9375
vt 0.10825000000000001 0.9375
vt 0.10825000000000001 1
vt 0 1
vt 0 1
vt 0.05413124999999999 0.90625
vt 0.10825625 1
vt 0.10825000000000001 1
vt 0 1
vt 0.054125000000000006 0.90625
vt 0 0.9375
vt 0.10825000000000001 0.9375
vt 0.10825000000000001 1
vt 0 1
vt 0 0.90625
vt 0.10825000000000001 0.90625
vt 0.054125000000000006 1
vn 0 -1 0
vn 0.8660254037844387 0 0.49999999999999994
vn 0 1 0
vn 0 -1 0
vn 0.8660254037844387 0 -0.49999999999999994
vn 0 1 0
vn 0 -1 0
vn 0 0 -1
vn 0 1 0
vn 0 -1 0
vn -0.8660254037844387 0 -0.49999999999999983
vn 0 1 0
vn 0 -1 0
vn -0.8660254037844389 0 0.4999999999999997
vn 0 1 0
vn 0 -1 0
vn -3.845925372767127e-16 0 1
vn 0 1 0
usemtl none
f 13/25/7 11/26/7 9/27/7
f 11/28/8 13/29/8 14/30/8 12/31/8
f 12/32/9 14/33/9 10/34/9
f 15/35/10 13/36/10 9/37/10
f 13/38/11 15/39/11 16/40/11 14/41/11
f 14/42/12 16/43/12 10/44/12
f 17/45/13 15/46/13 9/47/13
f 15/48/14 17/49/14 18/50/14 16/51/14
f 16/52/15 18/53/15 10/54/15
f 19/55/16 17/56/16 9/57/16
f 17/58/17 19/59/17 20/60/17 18/61/17
f 18/62/18 20/63/18 10/64/18
f 21/65/19 19/66/19 9/67/19
f 19/68/20 21/69/20 22/70/20 20/71/20
f 20/72/21 22/73/21 10/74/21
f 11/75/22 21/76/22 9/77/22
f 21/78/23 11/79/23 12/80/23 22/81/23
f 22/82/24 12/83/24 10/84/24
o plane
v 1.328125 0 3.1875
v 1.328125 0 1.6875
v -1.328125 0 3.1875
v -1.328125 0 1.6875
vt 0.375 0.625
vt 0.375 1
vt 0 1
vt 0 0.625
vn 0 1 0
usemtl none
f 23/85/25 24/86/25 26/87/25 25/88/25
o Pond
v -0.7602990250365493 0.015625 2.951640741219094
v -0.6238631315484903 0.015625 2.478931043595652
v -0.5048022193080685 0.015625 2.600289977523738
v -0.9266925758678299 0.015625 2.737431174110799
v -0.8046782000495591 0.015625 2.553827097250215
v -0.6748670201902621 0.015625 2.9787536461510378
v -0.7999260052336506 0.015625 2.855972748191362
v -0.5068356537420294 0.015625 2.883264427615778
v -0.44757958764954053 0.015625 2.764325978596755
vt 0.26608794610345976 1
vt 0 0.625
vt 0.06935320177572213 0.625
vt 0.26608794610345976 1
vt 0.11930333122279083 1
vt 2.9541696433927873e-17 0.9511054766656394
vt -1.1526187210260037e-15 0.7026627171031345
vt -1.1526187210260037e-15 0.7026627171031345
vt 0 0.625
vt 0.26608794610345976 1
vt 0.2564972165004584 0.625
vt 0.375 0.6724680770453263
vt 0.375 0.9071058119191793
vt 0.26608794610345976 1
vt 0.26608794610345976 1
vt 0.06935320177572213 0.625
vt 0.2564972165004584 0.625
vn 0 1 0
vn 0 1 0
vn 0 1 0
vn 0 1 0
vn 0 1 0
usemtl none
f 28/89/26 27/90/26 32/91/26
f 28/92/27 31/93/27 30/94/27 33/95/27
f 33/96/28 27/97/28 28/98/28
f 34/99/29 35/100/29 29/101/29 28/102/29
f 28/103/30 32/104/30 34/105/30
o mesh
v 1.34375 0.125 1.7109375
v 1.34375 0.125 1.6640625
v 1.34375 0 1.7109375
v 1.34375 0 1.6640625
v -0.03125 0.125 1.7109375
v -0.03125 0.125 1.6640625
v -0.03125 0 1.7109375
v -0.03125 0 1.6640625
vt 0.375 1
vt 0 1
vt 0 0.5
vt 0.375 0.5
vt 0.375 0.5
vt 0.375 1
vt 0 1
vt 0 0.5
vt 0 0.625
vt 0.375 0.625
vt 0.375 1
vt 0 1
vt 0.375 0.625
vt 0.375 1
vt 0 1
vt 0 0.625
vt 0.375 0.5
vt 0.375 1
vt 0 1
vt 0 0.5
vt 0.375 1
vt 0 1
vt 0 0.5
vt 0.375 0.5
vn 1 0 0
vn -1 0 0
vn 0 1 0
vn 0 -1 0
vn 0 0 1
vn 0 0 -1
usemtl none
f 37/106/31 36/107/31 38/108/31 39/109/31
f 42/110/32 40/111/32 41/112/32 43/113/32
f 40/114/33 36/115/33 37/116/33 41/117/33
f 39/118/34 38/119/34 42/120/34 43/121/34
f 38/122/35 36/123/35 40/124/35 42/125/35
f 41/126/36 37/127/36 39/128/36 43/129/36
o mesh
v -0.28125 0.125 1.7109375
v -0.28125 0.125 1.6640625
v -0.28125 0 1.7109375
v -0.28125 0 1.6640625
v -1.34375 0.125 1.7109375
v -1.34375 0.125 1.6640625
v -1.34375 0 1.7109375
v -1.34375 0 1.6640625
vt 0.375 1
vt 0 1
vt 0 0.5
vt 0.375 0.5
vt 0.375 0.5
vt 0.375 1
vt 0 1
vt 0 0.5
vt 0 0.625
vt 0.375 0.625
vt 0.375 1
vt 0 1
vt 0.375 0.625
vt 0.375 1
vt 0 1
vt 0 0.625
vt 0.375 0.5
vt 0.375 1
vt 0 1
vt 0 0.5
vt 0.375 1
vt 0 1
vt 0 0.5
vt 0.375 0.5
vn 1 0 0
vn -1 0 0
vn 0 1 0
vn 0 -1 0
vn 0 0 1
vn 0 0 -1
usemtl none
f 45/130/37 44/131/37 46/132/37 47/133/37
f 50/134/38 48/135/38 49/136/38 51/137/38
f 48/138/39 44/139/39 45/140/39 49/141/39
f 47/142/40 46/143/40 50/144/40 51/145/40
f 46/146/41 44/147/41 48/148/41 50/149/41
f 49/150/42 45/151/42 47/152/42 51/153/42
o mesh
v -1.3046875 0.125 3.359375
v -1.3046875 0.125 1.671875
v -1.3046875 0 3.359375
v -1.3046875 0 1.671875
v -1.3515625 0.125 3.359375
v -1.3515625 0.125 1.671875
v -1.3515625 0 3.359375
v -1.3515625 0 1.671875
vt 0.375 1
vt 0 1
vt 0 0.5
vt 0.375 0.5
vt 0.375 0.5
vt 0.375 1
vt 0 1
vt 0 0.5
vt 0 0.625
vt 0.375 0.625
vt 0.375 1
vt 0 1
vt 0.375 0.625
vt 0.375 1
vt 0 1
vt 0 0.625
vt 0.375 0.5
vt 0.375 1
vt 0 1
vt 0 0.5
vt 0.375 1
vt 0 1
vt 0 0.5
vt 0.375 0.5
vn 1 0 0
vn -1 0 0
vn 0 1 0
vn 0 -1 0
vn 0 0 1
vn 0 0 -1
usemtl none
f 53/154/43 52/155/43 54/156/43 55/157/43
f 58/158/44 56/159/44 57/160/44 59/161/44
f 56/162/45 52/163/45 53/164/45 57/165/45
f 55/166/46 54/167/46 58/168/46 59/169/46
f 54/170/47 52/171/47 56/172/47 58/173/47
f 57/174/48 53/175/48 55/176/48 59/177/48
o mesh
v 1.3515625 0.125 3.353125
v 1.3515625 0.125 1.665625
v 1.3515625 0 3.353125
v 1.3515625 0 1.665625
v 1.3046875 0.125 3.353125
v 1.3046875 0.125 1.665625
v 1.3046875 0 3.353125
v 1.3046875 0 1.665625
vt 0.375 1
vt 0 1
vt 0 0.5
vt 0.375 0.5
vt 0.375 0.5
vt 0.375 1
vt 0 1
vt 0 0.5
vt 0 0.625
vt 0.375 0.625
vt 0.375 1
vt 0 1
vt 0.375 0.625
vt 0.375 1
vt 0 1
vt 0 0.625
vt 0.375 0.5
vt 0.375 1
vt 0 1
vt 0 0.5
vt 0.375 1
vt 0 1
vt 0 0.5
vt 0.375 0.5
vn 1 0 0
vn -1 0 0
vn 0 1 0
vn 0 -1 0
vn 0 0 1
vn 0 0 -1
usemtl none
f 61/178/49 60/179/49 62/180/49 63/181/49
f 66/182/50 64/183/50 65/184/50 67/185/50
f 64/186/51 60/187/51 61/188/51 65/189/51
f 63/190/52 62/191/52 66/192/52 67/193/52
f 62/194/53 60/195/53 64/196/53 66/197/53
f 65/198/54 61/199/54 63/200/54 67/201/54
o mesh
v -1.03125 0.0625 2.6875
v -0.96875 0.0625 2.6875
v -1.03125 0 2.6875
v -0.96875 0 2.6875
v -1.03125 0.0625 2.5625
v -0.96875 0.0625 2.5625
v -1.03125 0 2.5625
v -0.96875 0 2.5625
vt 0.125 1
vt 0 1
vt 0 0.9375
vt 0.125 0.9375
vt 0.125 0.9375
vt 0.125 1
vt 0 1
vt 0 0.9375
vt 0 0.875
vt 0.125 0.875
vt 0.125 1
vt 0 1
vt 0.125 0.875
vt 0.125 1
vt 0 1
vt 0 0.875
vt 0.125 0.9375
vt 0.125 1
vt 0 1
vt 0 0.9375
vt 0.125 1
vt 0 1
vt 0 0.9375
vt 0.125 0.9375
vn 2.220446049250313e-16 0 1
vn -2.220446049250313e-16 0 -1
vn 0 1 0
vn 0 -1 0
vn -1 0 2.220446049250313e-16
vn 1 0 -2.220446049250313e-16
usemtl none
f 69/202/55 68/203/55 70/204/55 71/205/55
f 74/206/56 72/207/56 73/208/56 75/209/56
f 72/210/57 68/211/57 69/212/57 73/213/57
f 71/214/58 70/215/58 74/216/58 75/217/58
f 70/218/59 68/219/59 72/220/59 74/221/59
f 73/222/60 69/223/60 71/224/60 75/225/60
o mesh
v 1.0695025781241436 0.0625 2.9302747571599763
v 1.035921352602467 0.0625 2.8775627917966706
v 1.0695025781241436 0 2.9302747571599763
v 1.035921352602467 0 2.8775627917966706
v 0.9640786473975329 0.0625 2.9974372082033294
v 0.9304974218758564 0.0625 2.9447252428400237
v 0.9640786473975329 0 2.9974372082033294
v 0.9304974218758564 0 2.9447252428400237
vt 0.125 1
vt 0 1
vt 0 0.9375
vt 0.125 0.9375
vt 0.125 0.9375
vt 0.125 1
vt 0 1
vt 0 0.9375
vt 0 0.875
vt 0.125 0.875
vt 0.125 1
vt 0 1
vt 0.125 0.875
vt 0.125 1
vt 0 1
vt 0 0.875
vt 0.125 0.9375
vt 0.125 1
vt 0 1
vt 0 0.9375
vt 0.125 1
vt 0 1
vt 0 0.9375
vt 0.125 0.9375
vn 0.8433914458128857 0 -0.5372996083468239
vn -0.8433914458128857 0 0.5372996083468239
vn 0 1 0
vn 0 -1 0
vn 0.5372996083468239 0 0.8433914458128857
vn -0.5372996083468239 0 -0.8433914458128857
usemtl none
f 77/226/61 76/227/61 78/228/61 79/229/61
f 82/230/62 80/231/62 81/232/62 83/233/62
f 80/234/63 76/235/63 77/236/63 81/237/63
f 79/238/64 78/239/64 82/240/64 83/241/64
f 78/242/65 76/243/65 80/244/65 82/245/65
f 81/246/66 77/247/66 79/248/66 83/249/66
o mesh
v 0.9640786473975329 0.0625 1.8775627917966708
v 0.9304974218758564 0.0625 1.930274757159976
v 0.9640786473975329 0 1.8775627917966708
v 0.9304974218758564 0 1.930274757159976
v 1.0695025781241436 0.0625 1.944725242840024
v 1.035921352602467 0.0625 1.9974372082033292
v 1.0695025781241436 0 1.944725242840024
v 1.035921352602467 0 1.9974372082033292
vt 0.125 1
vt 0 1
vt 0 0.9375
vt 0.125 0.9375
vt 0.125 0.9375
vt 0.125 1
vt 0 1
vt 0 0.9375
vt 0 0.875
vt 0.125 0.875
vt 0.125 1
vt 0 1
vt 0.125 0.875
vt 0.125 1
vt 0 1
vt 0 0.875
vt 0.125 0.9375
vt 0.125 1
vt 0 1
vt 0 0.9375
vt 0.125 1
vt 0 1
vt 0 0.9375
vt 0.125 0.9375
vn -0.8433914458128855 0 -0.5372996083468242
vn 0.8433914458128855 0 0.5372996083468242
vn 0 1 0
vn 0 -1 0
vn 0.5372996083468242 0 -0.8433914458128855
vn -0.5372996083468242 0 0.8433914458128855
usemtl none
f 85/250/67 84/251/67 86/252/67 87/253/67
f 90/254/68 88/255/68 89/256/68 91/257/68
f 88/258/69 84/259/69 85/260/69 89/261/69
f 87/262/70 86/263/70 90/264/70 91/265/70
f 86/266/71 84/267/71 88/268/71 90/269/71
f 89/270/72 85/271/72 87/272/72 91/273/72
o mesh
v -0.5625 0.0625 3.03125
v -0.5625 0.0625 3.09375
v -0.5625 0 3.03125
v -0.5625 0 3.09375
v -0.4375 0.0625 3.03125
v -0.4375 0.0625 3.09375
v -0.4375 0 3.03125
v -0.4375 0 3.09375
vt 0.125 1
vt 0 1
vt 0 0.9375
vt 0.125 0.9375
vt 0.125 0.9375
vt 0.125 1
vt 0 1
vt 0 0.9375
vt 0 0.875
vt 0.125 0.875
vt 0.125 1
vt 0 1
vt 0.125 0.875
vt 0.125 1
vt 0 1
vt 0 0.875
vt 0.125 0.9375
vt 0.125 1
vt 0 1
vt 0 0.9375
vt 0.125 1
vt 0 1
vt 0 0.9375
vt 0.125 0.9375
vn -1 0 1.2246467991473532e-16
vn 1 0 -1.2246467991473532e-16
vn 0 1 0
vn 0 -1 0
vn -1.2246467991473532e-16 0 -1
vn 1.2246467991473532e-16 0 1
usemtl none
f 93/274/73 92/275/73 94/276/73 95/277/73
f 98/278/74 96/279/74 97/280/74 99/281/74
f 96/282/75 92/283/75 93/284/75 97/285/75
f 95/286/76 94/287/76 98/288/76 99/289/76
f 94/290/77 92/291/77 96/292/77 98/293/77
f 97/294/78 93/295/78 95/296/78 99/297/78
o mesh
v 0.3125 0.0625 3.03125
v 0.3125 0.0625 3.09375
v 0.3125 0 3.03125
v 0.3125 0 3.09375
v 0.4375 0.0625 3.03125
v 0.4375 0.0625 3.09375
v 0.4375 0 3.03125
v 0.4375 0 3.09375
vt 0.125 1
vt 0 1
vt 0 0.9375
vt 0.125 0.9375
vt 0.125 0.9375
vt 0.125 1
vt 0 1
vt 0 0.9375
vt 0 0.875
vt 0.125 0.875
vt 0.125 1
vt 0 1
vt 0.125 0.875
vt 0.125 1
vt 0 1
vt 0 0.875
vt 0.125 0.9375
vt 0.125 1
vt 0 1
vt 0 0.9375
vt 0.125 1
vt 0 1
vt 0 0.9375
vt 0.125 0.9375
vn -1 0 1.2246467991473532e-16
vn 1 0 -1.2246467991473532e-16
vn 0 1 0
vn 0 -1 0
vn -1.2246467991473532e-16 0 -1
vn 1.2246467991473532e-16 0 1
usemtl none
f 101/298/79 100/299/79 102/300/79 103/301/79
f 106/302/80 104/303/80 105/304/80 107/305/80
f 104/306/81 100/307/81 101/308/81 105/309/81
f 103/310/82 102/311/82 106/312/82 107/313/82
f 102/314/83 100/315/83 104/316/83 106/317/83
f 105/318/84 101/319/84 103/320/84 107/321/84
o plane
v 1.5 0 1.6875
v 1.5 0 -1.5625
v -1.5 0 1.6875
v -1.5 0 -1.5625
vt 1 0
vt 1 1
vt 0 1
vt 0 0
vn 0 1 0
usemtl none
f 108/322/85 109/323/85 111/324/85 110/325/85
o sidewalk
v 1.5 0.009375 1.6875
v 1.5 0.009375 1.5625
v -1.5 0.009375 1.6875
v -1.5 0.009375 1.5625
vt 1 0
vt 1 1
vt 0 1
vt 0 0
vn 0 1 0
usemtl none
f 112/326/86 113/327/86 115/328/86 114/329/86
o sidewalk
v 1.5 0.009375 -1.4375
v 1.5 0.009375 -1.5625
v -1.5 0.009375 -1.4375
v -1.5 0.009375 -1.5625
vt 1 0
vt 1 1
vt 0 1
vt 0 0
vn 0 1 0
usemtl none
f 116/330/87 117/331/87 119/332/87 118/333/87
o sidewalk
v 0.34374999999999994 0.009375 -0.5625
v 0.34374999999999994 0.009375 -1.3125
v -0.59375 0.009375 -0.5625
v -0.59375 0.009375 -1.3125
vt 1 0
vt 1 1
vt 0 1
vt 0 0
vn 0 1 0
usemtl none
f 120/334/88 121/335/88 123/336/88 122/337/88
o sidewalk
v -0.78125 0.009375 -0.59375
v -0.78125 0.009375 -1.28125
v -1.46875 0.009375 -0.59375
v -1.46875 0.009375 -1.28125
vt 1 0
vt 1 1
vt 0 1
vt 0 0
vn 0 1 0
usemtl none
f 124/338/89 125/339/89 127/340/89 126/341/89
o sidewalk
v 1.3437499999999998 0.009375 -0.59375
v 1.3437499999999998 0.009375 -1.28125
v 0.5312500000000002 0.009375 -0.59375
v 0.5312500000000002 0.009375 -1.28125
vt 1 0
vt 1 1
vt 0 1
vt 0 0
vn 0 1 0
usemtl none
f 128/342/90 129/343/90 131/344/90 130/345/90
o sidewalk
v 1.3437499999999998 0.009375 0.40625
v 1.3437499999999998 0.009375 -0.40625
v 0.5312500000000002 0.009375 0.40625
v 0.5312500000000002 0.009375 -0.40625
vt 1 0
vt 1 1
vt 0 1
vt 0 0
vn 0 1 0
usemtl none
f 132/346/91 133/347/91 135/348/91 134/349/91
o sidewalk
v 1.3437499999999996 0.009375 -0.3125
v 1.3437499999999996 0.009375 -0.6875
v 0.9062500000000003 0.009375 -0.3125
v 0.9062500000000003 0.009375 -0.6875
vt 1 0
vt 1 1
vt 0 1
vt 0 0
vn 0 1 0
usemtl none
f 136/350/92 137/351/92 139/352/92 138/353/92
o sidewalk
v 1.3437499999999998 0.009375 0.90625
v 1.3437499999999998 0.009375 0.46875
v 0.5312500000000002 0.009375 0.90625
v 0.5312500000000002 0.009375 0.46875
vt 1 0
vt 1 1
vt 0 1
vt 0 0
vn 0 1 0
usemtl none
f 140/354/93 141/355/93 143/356/93 142/357/93
o sidewalk
v 1.3437499999999998 0.009375 1.40625
v 1.3437499999999998 0.009375 0.96875
v 0.5312500000000002 0.009375 1.40625
v 0.5312500000000002 0.009375 0.96875
vt 1 0
vt 1 1
vt 0 1
vt 0 0
vn 0 1 0
usemtl none
f 144/358/94 145/359/94 147/360/94 146/361/94
o sidewalk
v -0.7812500000000002 0.009375 1.40625
v -0.7812500000000002 0.009375 0.96875
v -1.4687499999999998 0.009375 1.40625
v -1.4687499999999998 0.009375 0.96875
vt 1 0
vt 1 1
vt 0 1
vt 0 0
vn 0 1 0
usemtl none
f 148/362/95 149/363/95 151/364/95 150/365/95
o sidewalk
v -0.7812500000000002 0.009375 0.90625
v -0.7812500000000002 0.009375 0.46875
v -1.4687499999999998 0.009375 0.90625
v -1.4687499999999998 0.009375 0.46875
vt 1 0
vt 1 1
vt 0 1
vt 0 0
vn 0 1 0
usemtl none
f 152/366/96 153/367/96 155/368/96 154/369/96
o sidewalk
v -0.7812500000000002 0.009375 0.40625
v -0.7812500000000002 0.009375 -0.03125
v -1.4687499999999998 0.009375 0.40625
v -1.4687499999999998 0.009375 -0.03125
vt 1 0
vt 1 1
vt 0 1
vt 0 0
vn 0 1 0
usemtl none
f 156/370/97 157/371/97 159/372/97 158/373/97
o sidewalk
v -0.7812500000000002 0.009375 -0.03125
v -0.7812500000000002 0.009375 -0.46875
v -1.4687499999999998 0.009375 -0.03125
v -1.4687499999999998 0.009375 -0.46875
vt 1 0
vt 1 1
vt 0 1
vt 0 0
vn 0 1 0
usemtl none
f 160/374/98 161/375/98 163/376/98 162/377/98
o sidewalk
v -0.1562500000000003 0.009375 0.40625
v -0.1562500000000003 0.009375 -0.40625
v -0.5937499999999997 0.009375 0.40625
v -0.5937499999999997 0.009375 -0.40625
vt 1 0
vt 1 1
vt 0 1
vt 0 0
vn 0 1 0
usemtl none
f 164/378/99 165/379/99 167/380/99 166/381/99
o sidewalk
v 0.34374999999999967 0.009375 0.40625
v 0.34374999999999967 0.009375 -0.40625
v -0.0937499999999997 0.009375 0.40625
v -0.0937499999999997 0.009375 -0.40625
vt 1 0
vt 1 1
vt 0 1
vt 0 0
vn 0 1 0
usemtl none
f 168/382/100 169/383/100 171/384/100 170/385/100
o sidewalk
v 0.34374999999999967 0.009375 0.90625
v 0.34374999999999967 0.009375 0.46875
v -0.0937499999999997 0.009375 0.90625
v -0.0937499999999997 0.009375 0.46875
vt 1 0
vt 1 1
vt 0 1
vt 0 0
vn 0 1 0
usemtl none
f 172/386/101 173/387/101 175/388/101 174/389/101
o sidewalk
v -0.1562500000000003 0.009375 0.90625
v -0.1562500000000003 0.009375 0.46875
v -0.5937499999999997 0.009375 0.90625
v -0.5937499999999997 0.009375 0.46875
vt 1 0
vt 1 1
vt 0 1
vt 0 0
vn 0 1 0
usemtl none
f 176/390/102 177/391/102 179/392/102 178/393/102
o sidewalk
v -0.1562500000000003 0.009375 1.40625
v -0.1562500000000003 0.009375 0.96875
v -0.5937499999999997 0.009375 1.40625
v -0.5937499999999997 0.009375 0.96875
vt 1 0
vt 1 1
vt 0 1
vt 0 0
vn 0 1 0
usemtl none
f 180/394/103 181/395/103 183/396/103 182/397/103
o sidewalk
v 0.34374999999999967 0.009375 1.40625
v 0.34374999999999967 0.009375 0.96875
v -0.0937499999999997 0.009375 1.40625
v -0.0937499999999997 0.009375 0.96875
vt 1 0
vt 1 1
vt 0 1
vt 0 0
vn 0 1 0
usemtl none
f 184/398/104 185/399/104 187/400/104 186/401/104
o cube
v -0.1875 0.375 0.375
v -0.1875 0.375 0
v -0.1875 0 0.375
v -0.1875 0 0
v -0.5625 0.375 0
v -0.5625 0.375 0.375
v -0.5625 0 0
v -0.5625 0 0.375
vt 0 1
vt 0.375 1
vt 0.375 0.625
vt 0 0.625
vt 0 1
vt 0.375 1
vt 0.375 0.625
vt 0 0.625
vt 0 1
vt 0.375 1
vt 0.375 0.625
vt 0 0.625
vt 0 1
vt 0.375 1
vt 0.375 0.625
vt 0 0.625
vt 0 1
vt 0.375 1
vt 0.375 0.625
vt 0 0.625
vt 0 1
vt 0.375 1
vt 0.375 0.625
vt 0 0.625
vn 0 0 -1
vn 1 0 0
vn 0 0 1
vn -1 0 0
vn 0 1 0
vn 0 -1 0
usemtl none
f 191/405/105 194/404/105 192/403/105 189/402/105
f 190/409/106 191/408/106 189/407/106 188/406/106
f 195/413/107 190/412/107 188/411/107 193/410/107
f 194/417/108 195/416/108 193/415/108 192/414/108
f 193/421/109 188/420/109 189/419/109 192/418/109
f 194/425/110 191/424/110 190/423/110 195/422/110
o cube
v -0.1875 0.375 0
v -0.1875 0.375 -0.375
v -0.1875 0 0
v -0.1875 0 -0.375
v -0.5625 0.375 -0.375
v -0.5625 0.375 0
v -0.5625 0 -0.375
v -0.5625 0 0
vt 0 1
vt 0.375 1
vt 0.375 0.625
vt 0 0.625
vt 0 1
vt 0.375 1
vt 0.375 0.625
vt 0 0.625
vt 0 1
vt 0.375 1
vt 0.375 0.625
vt 0 0.625
vt 0 1
vt 0.375 1
vt 0.375 0.625
vt 0 0.625
vt 0 1
vt 0.375 1
vt 0.375 0.625
vt 0 0.625
vt 0 1
vt 0.375 1
vt 0.375 0.625
vt 0 0.625
vn 0 0 -1
vn 1 0 0
vn 0 0 1
vn -1 0 0
vn 0 1 0
vn 0 -1 0
usemtl none
f 199/429/111 202/428/111 200/427/111 197/426/111
f 198/433/112 199/432/112 197/431/112 196/430/112
f 203/437/113 198/436/113 196/435/113 201/434/113
f 202/441/114 203/440/114 201/439/114 200/438/114
f 201/445/115 196/444/115 197/443/115 200/442/115
f 202/449/116 199/448/116 198/447/116 203/446/116
o cube
v -0.1875 0.375 -0.625
v -0.1875 0.375 -1
v -0.1875 0 -0.625
v -0.1875 0 -1
v -0.5625 0.375 -1
v -0.5625 0.375 -0.625
v -0.5625 0 -1
v -0.5625 0 -0.625
vt 0 1
vt 0.375 1
vt 0.375 0.625
vt 0 0.625
vt 0 1
vt 0.375 1
vt 0.375 0.625
vt 0 0.625
vt 0 1
vt 0.375 1
vt 0.375 0.625
vt 0 0.625
vt 0 1
vt 0.375 1
vt 0.375 0.625
vt 0 0.625
vt 0 1
vt 0.375 1
vt 0.375 0.625
vt 0 0.625
vt 0 1
vt 0.375 1
vt 0.375 0.625
vt 0 0.625
vn 0 0 -1
vn 1 0 0
vn 0 0 1
vn -1 0 0
vn 0 1 0
vn 0 -1 0
usemtl none
f 207/453/117 210/452/117 208/451/117 205/450/117
f 206/457/118 207/456/118 205/455/118 204/454/118
f 211/461/119 206/460/119 204/459/119 209/458/119
f 210/465/120 211/464/120 209/463/120 208/462/120
f 209/469/121 204/468/121 205/467/121 208/466/121
f 210/473/122 207/472/122 206/471/122 211/470/122
o cube
v -0.0625 0.375 -0.875
v -0.0625 0.375 -1.25
v -0.0625 0 -0.875
v -0.0625 0 -1.25
v -0.5625 0.375 -1.25
v -0.5625 0.375 -0.875
v -0.5625 0 -1.25
v -0.5625 0 -0.875
vt 0 1
vt 0.5 1
vt 0.5 0.625
vt 0 0.625
vt 0 1
vt 0.375 1
vt 0.375 0.625
vt 0 0.625
vt 0 1
vt 0.5 1
vt 0.5 0.625
vt 0 0.625
vt 0 1
vt 0.375 1
vt 0.375 0.625
vt 0 0.625
vt 0 1
vt 0.5 1
vt 0.5 0.625
vt 0 0.625
vt 0 1
vt 0.5 1
vt 0.5 0.625
vt 0 0.625
vn 0 0 -1
vn 1 0 0
vn 0 0 1
vn -1 0 0
vn 0 1 0
vn 0 -1 0
usemtl none
f 215/477/123 218/476/123 216/475/123 213/474/123
f 214/481/124 215/480/124 213/479/124 212/478/124
f 219/485/125 214/484/125 212/483/125 217/482/125
f 218/489/126 219/488/126 217/487/126 216/486/126
f 217/493/127 212/492/127 213/491/127 216/490/127
f 218/497/128 215/496/128 214/495/128 219/494/128
o cube
v -0.8125 0.375 0.375
v -0.8125 0.375 0
v -0.8125 0 0.375
v -0.8125 0 0
v -1.1875 0.375 0
v -1.1875 0.375 0.375
v -1.1875 0 0
v -1.1875 0 0.375
vt 0 1
vt 0.375 1
vt 0.375 0.625
vt 0 0.625
vt 0 1
vt 0.375 1
vt 0.375 0.625
vt 0 0.625
vt 0 1
vt 0.375 1
vt 0.375 0.625
vt 0 0.625
vt 0 1
vt 0.375 1
vt 0.375 0.625
vt 0 0.625
vt 0 1
vt 0.375 1
vt 0.375 0.625
vt 0 0.625
vt 0 1
vt 0.375 1
vt 0.375 0.625
vt 0 0.625
vn 0 0 -1
vn 1 0 0
vn 0 0 1
vn -1 0 0
vn 0 1 0
vn 0 -1 0
usemtl none
f 223/501/129 226/500/129 224/499/129 221/498/129
f 222/505/130 223/504/130 221/503/130 220/502/130
f 227/509/131 222/508/131 220/507/131 225/506/131
f 226/513/132 227/512/132 225/511/132 224/510/132
f 225/517/133 220/516/133 221/515/133 224/514/133
f 226/521/134 223/520/134 222/519/134 227/518/134
o cube
v -0.8125 0.375 -0.625
v -0.8125 0.375 -1
v -0.8125 0 -0.625
v -0.8125 0 -1
v -1.1875 0.375 -1
v -1.1875 0.375 -0.625
v -1.1875 0 -1
v -1.1875 0 -0.625
vt 0 1
vt 0.375 1
vt 0.375 0.625
vt 0 0.625
vt 0 1
vt 0.375 1
vt 0.375 0.625
vt 0 0.625
vt 0 1
vt 0.375 1
vt 0.375 0.625
vt 0 0.625
vt 0 1
vt 0.375 1
vt 0.375 0.625
vt 0 0.625
vt 0 1
vt 0.375 1
vt 0.375 0.625
vt 0 0.625
vt 0 1
vt 0.375 1
vt 0.375 0.625
vt 0 0.625
vn 0 0 -1
vn 1 0 0
vn 0 0 1
vn -1 0 0
vn 0 1 0
vn 0 -1 0
usemtl none
f 231/525/135 234/524/135 232/523/135 229/522/135
f 230/529/136 231/528/136 229/527/136 228/526/136
f 235/533/137 230/532/137 228/531/137 233/530/137
f 234/537/138 235/536/138 233/535/138 232/534/138
f 233/541/139 228/540/139 229/539/139 232/538/139
f 234/545/140 231/544/140 230/543/140 235/542/140
o cube
v -0.8125 0.375 -0.875
v -0.8125 0.375 -1.25
v -0.8125 0 -0.875
v -0.8125 0 -1.25
v -1.1875 0.375 -1.25
v -1.1875 0.375 -0.875
v -1.1875 0 -1.25
v -1.1875 0 -0.875
vt 0 1
vt 0.375 1
vt 0.375 0.625
vt 0 0.625
vt 0 1
vt 0.375 1
vt 0.375 0.625
vt 0 0.625
vt 0 1
vt 0.375 1
vt 0.375 0.625
vt 0 0.625
vt 0 1
vt 0.375 1
vt 0.375 0.625
vt 0 0.625
vt 0 1
vt 0.375 1
vt 0.375 0.625
vt 0 0.625
vt 0 1
vt 0.375 1
vt 0.375 0.625
vt 0 0.625
vn 0 0 -1
vn 1 0 0
vn 0 0 1
vn -1 0 0
vn 0 1 0
vn 0 -1 0
usemtl none
f 239/549/141 242/548/141 240/547/141 237/546/141
f 238/553/142 239/552/142 237/551/142 236/550/142
f 243/557/143 238/556/143 236/555/143 241/554/143
f 242/561/144 243/560/144 241/559/144 240/558/144
f 241/565/145 236/564/145 237/563/145 240/562/145
f 242/569/146 239/568/146 238/567/146 243/566/146
o cube
v -1.0625 0.375 0.375
v -1.0625 0.375 0
v -1.0625 0 0.375
v -1.0625 0 0
v -1.4375 0.375 0
v -1.4375 0.375 0.375
v -1.4375 0 0
v -1.4375 0 0.375
vt 0 1
vt 0.375 1
vt 0.375 0.625
vt 0 0.625
vt 0 1
vt 0.375 1
vt 0.375 0.625
vt 0 0.625
vt 0 1
vt 0.375 1
vt 0.375 0.625
vt 0 0.625
vt 0 1
vt 0.375 1
vt 0.375 0.625
vt 0 0.625
vt 0 1
vt 0.375 1
vt 0.375 0.625
vt 0 0.625
vt 0 1
vt 0.375 1
vt 0.375 0.625
vt 0 0.625
vn 0 0 -1
vn 1 0 0
vn 0 0 1
vn -1 0 0
vn 0 1 0
vn 0 -1 0
usemtl none
f 247/573/147 250/572/147 248/571/147 245/570/147
f 246/577/148 247/576/148 245/575/148 244/574/148
f 251/581/149 246/580/149 244/579/149 249/578/149
f 250/585/150 251/584/150 249/583/150 248/582/150
f 249/589/151 244/588/151 245/587/151 248/586/151
f 250/593/152 247/592/152 246/591/152 251/590/152
o cube
v -1.0625 0.375 -0.625
v -1.0625 0.375 -1
v -1.0625 0 -0.625
v -1.0625 0 -1
v -1.4375 0.375 -1
v -1.4375 0.375 -0.625
v -1.4375 0 -1
v -1.4375 0 -0.625
vt 0 1
vt 0.375 1
vt 0.375 0.625
vt 0 0.625
vt 0 1
vt 0.375 1
vt 0.375 0.625
vt 0 0.625
vt 0 1
vt 0.375 1
vt 0.375 0.625
vt 0 0.625
vt 0 1
vt 0.375 1
vt 0.375 0.625
vt 0 0.625
vt 0 1
vt 0.375 1
vt 0.375 0.625
vt 0 0.625
vt 0 1
vt 0.375 1
vt 0.375 0.625
vt 0 0.625
vn 0 0 -1
vn 1 0 0
vn 0 0 1
vn -1 0 0
vn 0 1 0
vn 0 -1 0
usemtl none
f 255/597/153 258/596/153 256/595/153 253/594/153
f 254/601/154 255/600/154 253/599/154 252/598/154
f 259/605/155 254/604/155 252/603/155 257/602/155
f 258/609/156 259/608/156 257/607/156 256/606/156
f 257/613/157 252/612/157 253/611/157 256/610/157
f 258/617/158 255/616/158 254/615/158 259/614/158
o cube
v -1.0625 0.375 -0.875
v -1.0625 0.375 -1.25
v -1.0625 0 -0.875
v -1.0625 0 -1.25
v -1.4375 0.375 -1.25
v -1.4375 0.375 -0.875
v -1.4375 0 -1.25
v -1.4375 0 -0.875
vt 0 1
vt 0.375 1
vt 0.375 0.625
vt 0 0.625
vt 0 1
vt 0.375 1
vt 0.375 0.625
vt 0 0.625
vt 0 1
vt 0.375 1
vt 0.375 0.625
vt 0 0.625
vt 0 1
vt 0.375 1
vt 0.375 0.625
vt 0 0.625
vt 0 1
vt 0.375 1
vt 0.375 0.625
vt 0 0.625
vt 0 1
vt 0.375 1
vt 0.375 0.625
vt 0 0.625
vn 0 0 -1
vn 1 0 0
vn 0 0 1
vn -1 0 0
vn 0 1 0
vn 0 -1 0
usemtl none
f 263/621/159 266/620/159 264/619/159 261/618/159
f 262/625/160 263/624/160 261/623/160 260/622/160
f 267/629/161 262/628/161 260/627/161 265/626/161
f 266/633/162 267/632/162 265/631/162 264/630/162
f 265/637/163 260/636/163 261/635/163 264/634/163
f 266/641/164 263/640/164 262/639/164 267/638/164
o cube
v 0.3125 0.375 0.875
v 0.3125 0.375 0.5
v 0.3125 0 0.875
v 0.3125 0 0.5
v -0.0625 0.375 0.5
v -0.0625 0.375 0.875
v -0.0625 0 0.5
v -0.0625 0 0.875
vt 0 1
vt 0.375 1
vt 0.375 0.625
vt 0 0.625
vt 0 1
vt 0.375 1
vt 0.375 0.625
vt 0 0.625
vt 0 1
vt 0.375 1
vt 0.375 0.625
vt 0 0.625
vt 0 1
vt 0.375 1
vt 0.375 0.625
vt 0 0.625
vt 0 1
vt 0.375 1
vt 0.375 0.625
vt 0 0.625
vt 0 1
vt 0.375 1
vt 0.375 0.625
vt 0 0.625
vn 0 0 -1
vn 1 0 0
vn 0 0 1
vn -1 0 0
vn 0 1 0
vn 0 -1 0
usemtl none
f 271/645/165 274/644/165 272/643/165 269/642/165
f 270/649/166 271/648/166 269/647/166 268/646/166
f 275/653/167 270/652/167 268/651/167 273/650/167
f 274/657/168 275/656/168 273/655/168 272/654/168
f 273/661/169 268/660/169 269/659/169 272/658/169
f 274/665/170 271/664/170 270/663/170 275/662/170
o cube
v -0.1875 0.375 0.875
v -0.1875 0.375 0.5
v -0.1875 0 0.875
v -0.1875 0 0.5
v -0.5625 0.375 0.5
v -0.5625 0.375 0.875
v -0.5625 0 0.5
v -0.5625 0 0.875
vt 0 1
vt 0.375 1
vt 0.375 0.625
vt 0 0.625
vt 0 1
vt 0.375 1
vt 0.375 0.625
vt 0 0.625
vt 0 1
vt 0.375 1
vt 0.375 0.625
vt 0 0.625
vt 0 1
vt 0.375 1
vt 0.375 0.625
vt 0 0.625
vt 0 1
vt 0.375 1
vt 0.375 0.625
vt 0 0.625
vt 0 1
vt 0.375 1
vt 0.375 0.625
vt 0 0.625
vn 0 0 -1
vn 1 0 0
vn 0 0 1
vn -1 0 0
vn 0 1 0
vn 0 -1 0
usemtl none
f 279/669/171 282/668/171 280/667/171 277/666/171
f 278/673/172 279/672/172 277/671/172 276/670/172
f 283/677/173 278/676/173 276/675/173 281/674/173
f 282/681/174 283/680/174 281/679/174 280/678/174
f 281/685/175 276/684/175 277/683/175 280/682/175
f 282/689/176 279/688/176 278/687/176 283/686/176
o cube
v 0.3125 0.375 0
v 0.3125 0.375 -0.375
v 0.3125 0 0
v 0.3125 0 -0.375
v -0.0625 0.375 -0.375
v -0.0625 0.375 0
v -0.0625 0 -0.375
v -0.0625 0 0
vt 0 1
vt 0.375 1
vt 0.375 0.625
vt 0 0.625
vt 0 1
vt 0.375 1
vt 0.375 0.625
vt 0 0.625
vt 0 1
vt 0.375 1
vt 0.375 0.625
vt 0 0.625
vt 0 1
vt 0.375 1
vt 0.375 0.625
vt 0 0.625
vt 0 1
vt 0.375 1
vt 0.375 0.625
vt 0 0.625
vt 0 1
vt 0.375 1
vt 0.375 0.625
vt 0 0.625
vn 0 0 -1
vn 1 0 0
vn 0 0 1
vn -1 0 0
vn 0 1 0
vn 0 -1 0
usemtl none
f 287/693/177 290/692/177 288/691/177 285/690/177
f 286/697/178 287/696/178 285/695/178 284/694/178
f 291/701/179 286/700/179 284/699/179 289/698/179
f 290/705/180 291/704/180 289/703/180 288/702/180
f 289/709/181 284/708/181 285/707/181 288/706/181
f 290/713/182 287/712/182 286/711/182 291/710/182
o cube
v 0.3125 0.375 0.375
v 0.3125 0.375 0
v 0.3125 0 0.375
v 0.3125 0 0
v -0.0625 0.375 0
v -0.0625 0.375 0.375
v -0.0625 0 0
v -0.0625 0 0.375
vt 0 1
vt 0.375 1
vt 0.375 0.625
vt 0 0.625
vt 0 1
vt 0.375 1
vt 0.375 0.625
vt 0 0.625
vt 0 1
vt 0.375 1
vt 0.375 0.625
vt 0 0.625
vt 0 1
vt 0.375 1
vt 0.375 0.625
vt 0 0.625
vt 0 1
vt 0.375 1
vt 0.375 0.625
vt 0 0.625
vt 0 1
vt 0.375 1
vt 0.375 0.625
vt 0 0.625
vn 0 0 -1
vn 1 0 0
vn 0 0 1
vn -1 0 0
vn 0 1 0
vn 0 -1 0
usemtl none
f 295/717/183 298/716/183 296/715/183 293/714/183
f 294/721/184 295/720/184 293/719/184 292/718/184
f 299/725/185 294/724/185 292/723/185 297/722/185
f 298/729/186 299/728/186 297/727/186 296/726/186
f 297/733/187 292/732/187 293/731/187 296/730/187
f 298/737/188 295/736/188 294/735/188 299/734/188
o cube
v -0.8125 0.375 -0.0625
v -0.8125 0.375 -0.4375
v -0.8125 0 -0.0625
v -0.8125 0 -0.4375
v -1.1875 0.375 -0.4375
v -1.1875 0.375 -0.0625
v -1.1875 0 -0.4375
v -1.1875 0 -0.0625
vt 0 1
vt 0.375 1
vt 0.375 0.625
vt 0 0.625
vt 0 1
vt 0.375 1
vt 0.375 0.625
vt 0 0.625
vt 0 1
vt 0.375 1
vt 0.375 0.625
vt 0 0.625
vt 0 1
vt 0.375 1
vt 0.375 0.625
vt 0 0.625
vt 0 1
vt 0.375 1
vt 0.375 0.625
vt 0 0.625
vt 0 1
vt 0.375 1
vt 0.375 0.625
vt 0 0.625
vn 0 0 -1
vn 1 0 0
vn 0 0 1
vn -1 0 0
vn 0 1 0
vn 0 -1 0
usemtl none
f 303/741/189 306/740/189 304/739/189 301/738/189
f 302/745/190 303/744/190 301/743/190 300/742/190
f 307/749/191 302/748/191 300/747/191 305/746/191
f 306/753/192 307/752/192 305/751/192 304/750/192
f 305/757/193 300/756/193 301/755/193 304/754/193
f 306/761/194 303/760/194 302/759/194 307/758/194
o cube
v -1.0625 0.375 -0.0625
v -1.0625 0.375 -0.4375
v -1.0625 0 -0.0625
v -1.0625 0 -0.4375
v -1.4375 0.375 -0.4375
v -1.4375 0.375 -0.0625
v -1.4375 0 -0.4375
v -1.4375 0 -0.0625
vt 0 1
vt 0.375 1
vt 0.375 0.625
vt 0 0.625
vt 0 1
vt 0.375 1
vt 0.375 0.625
vt 0 0.625
vt 0 1
vt 0.375 1
vt 0.375 0.625
vt 0 0.625
vt 0 1
vt 0.375 1
vt 0.375 0.625
vt 0 0.625
vt 0 1
vt 0.375 1
vt 0.375 0.625
vt 0 0.625
vt 0 1
vt 0.375 1
vt 0.375 0.625
vt 0 0.625
vn 0 0 -1
vn 1 0 0
vn 0 0 1
vn -1 0 0
vn 0 1 0
vn 0 -1 0
usemtl none
f 311/765/195 314/764/195 312/763/195 309/762/195
f 310/769/196 311/768/196 309/767/196 308/766/196
f 315/773/197 310/772/197 308/771/197 313/770/197
f 314/777/198 315/776/198 313/775/198 312/774/198
f 313/781/199 308/780/199 309/779/199 312/778/199
f 314/785/200 311/784/200 310/783/200 315/782/200
o cube
v -1.0625 0.375 0.875
v -1.0625 0.375 0.5
v -1.0625 0 0.875
v -1.0625 0 0.5
v -1.4375 0.375 0.5
v -1.4375 0.375 0.875
v -1.4375 0 0.5
v -1.4375 0 0.875
vt 0 1
vt 0.375 1
vt 0.375 0.625
vt 0 0.625
vt 0 1
vt 0.375 1
vt 0.375 0.625
vt 0 0.625
vt 0 1
vt 0.375 1
vt 0.375 0.625
vt 0 0.625
vt 0 1
vt 0.375 1
vt 0.375 0.625
vt 0 0.625
vt 0 1
vt 0.375 1
vt 0.375 0.625
vt 0 0.625
vt 0 1
vt 0.375 1
vt 0.375 0.625
vt 0 0.625
vn 0 0 -1
vn 1 0 0
vn 0 0 1
vn -1 0 0
vn 0 1 0
vn 0 -1 0
usemtl none
f 319/789/201 322/788/201 320/787/201 317/786/201
f 318/793/202 319/792/202 317/791/202 316/790/202
f 323/797/203 318/796/203 316/795/203 321/794/203
f 322/801/204 323/800/204 321/799/204 320/798/204
f 321/805/205 316/804/205 317/803/205 320/802/205
f 322/809/206 319/808/206 318/807/206 323/806/206
o cube
v -0.8125 0.375 0.875
v -0.8125 0.375 0.5
v -0.8125 0 0.875
v -0.8125 0 0.5
v -1.1875 0.375 0.5
v -1.1875 0.375 0.875
v -1.1875 0 0.5
v -1.1875 0 0.875
vt 0 1
vt 0.375 1
vt 0.375 0.625
vt 0 0.625
vt 0 1
vt 0.375 1
vt 0.375 0.625
vt 0 0.625
vt 0 1
vt 0.375 1
vt 0.375 0.625
vt 0 0.625
vt 0 1
vt 0.375 1
vt 0.375 0.625
vt 0 0.625
vt 0 1
vt 0.375 1
vt 0.375 0.625
vt 0 0.625
vt 0 1
vt 0.375 1
vt 0.375 0.625
vt 0 0.625
vn 0 0 -1
vn 1 0 0
vn 0 0 1
vn -1 0 0
vn 0 1 0
vn 0 -1 0
usemtl none
f 327/813/207 330/812/207 328/811/207 325/810/207
f 326/817/208 327/816/208 325/815/208 324/814/208
f 331/821/209 326/820/209 324/819/209 329/818/209
f 330/825/210 331/824/210 329/823/210 328/822/210
f 329/829/211 324/828/211 325/827/211 328/826/211
f 330/833/212 327/832/212 326/831/212 331/830/212
o cube
v 0.3125 0.375 -0.625
v 0.3125 0.375 -1
v 0.3125 0 -0.625
v 0.3125 0 -1
v -0.0625 0.375 -1
v -0.0625 0.375 -0.625
v -0.0625 0 -1
v -0.0625 0 -0.625
vt 0 1
vt 0.375 1
vt 0.375 0.625
vt 0 0.625
vt 0 1
vt 0.375 1
vt 0.375 0.625
vt 0 0.625
vt 0 1
vt 0.375 1
vt 0.375 0.625
vt 0 0.625
vt 0 1
vt 0.375 1
vt 0.375 0.625
vt 0 0.625
vt 0 1
vt 0.375 1
vt 0.375 0.625
vt 0 0.625
vt 0 1
vt 0.375 1
vt 0.375 0.625
vt 0 0.625
vn 0 0 -1
vn 1 0 0
vn 0 0 1
vn -1 0 0
vn 0 1 0
vn 0 -1 0
usemtl none
f 335/837/213 338/836/213 336/835/213 333/834/213
f 334/841/214 335/840/214 333/839/214 332/838/214
f 339/845/215 334/844/215 332/843/215 337/842/215
f 338/849/216 339/848/216 337/847/216 336/846/216
f 337/853/217 332/852/217 333/851/217 336/850/217
f 338/857/218 335/856/218 334/855/218 339/854/218
o cube
v 0.3125 0.375 -0.875
v 0.3125 0.375 -1.25
v 0.3125 0 -0.875
v 0.3125 0 -1.25
v -0.0625 0.375 -1.25
v -0.0625 0.375 -0.875
v -0.0625 0 -1.25
v -0.0625 0 -0.875
vt 0 1
vt 0.375 1
vt 0.375 0.625
vt 0 0.625
vt 0 1
vt 0.375 1
vt 0.375 0.625
vt 0 0.625
vt 0 1
vt 0.375 1
vt 0.375 0.625
vt 0 0.625
vt 0 1
vt 0.375 1
vt 0.375 0.625
vt 0 0.625
vt 0 1
vt 0.375 1
vt 0.375 0.625
vt 0 0.625
vt 0 1
vt 0.375 1
vt 0.375 0.625
vt 0 0.625
vn 0 0 -1
vn 1 0 0
vn 0 0 1
vn -1 0 0
vn 0 1 0
vn 0 -1 0
usemtl none
f 343/861/219 346/860/219 344/859/219 341/858/219
f 342/865/220 343/864/220 341/863/220 340/862/220
f 347/869/221 342/868/221 340/867/221 345/866/221
f 346/873/222 347/872/222 345/871/222 344/870/222
f 345/877/223 340/876/223 341/875/223 344/874/223
f 346/881/224 343/880/224 342/879/224 347/878/224
o cube
v 0.9375 0.375 0.875
v 0.9375 0.375 0.5
v 0.9375 0 0.875
v 0.9375 0 0.5
v 0.5625 0.375 0.5
v 0.5625 0.375 0.875
v 0.5625 0 0.5
v 0.5625 0 0.875
vt 0 1
vt 0.375 1
vt 0.375 0.625
vt 0 0.625
vt 0 1
vt 0.375 1
vt 0.375 0.625
vt 0 0.625
vt 0 1
vt 0.375 1
vt 0.375 0.625
vt 0 0.625
vt 0 1
vt 0.375 1
vt 0.375 0.625
vt 0 0.625
vt 0 1
vt 0.375 1
vt 0.375 0.625
vt 0 0.625
vt 0 1
vt 0.375 1
vt 0.375 0.625
vt 0 0.625
vn 0 0 -1
vn 1 0 0
vn 0 0 1
vn -1 0 0
vn 0 1 0
vn 0 -1 0
usemtl none
f 351/885/225 354/884/225 352/883/225 349/882/225
f 350/889/226 351/888/226 349/887/226 348/886/226
f 355/893/227 350/892/227 348/891/227 353/890/227
f 354/897/228 355/896/228 353/895/228 352/894/228
f 353/901/229 348/900/229 349/899/229 352/898/229
f 354/905/230 351/904/230 350/903/230 355/902/230
o cube
v 1.3125 0.375 0.875
v 1.3125 0.375 0.5
v 1.3125 0 0.875
v 1.3125 0 0.5
v 0.9375 0.375 0.5
v 0.9375 0.375 0.875
v 0.9375 0 0.5
v 0.9375 0 0.875
vt 0 1
vt 0.375 1
vt 0.375 0.625
vt 0 0.625
vt 0 1
vt 0.375 1
vt 0.375 0.625
vt 0 0.625
vt 0 1
vt 0.375 1
vt 0.375 0.625
vt 0 0.625
vt 0 1
vt 0.375 1
vt 0.375 0.625
vt 0 0.625
vt 0 1
vt 0.375 1
vt 0.375 0.625
vt 0 0.625
vt 0 1
vt 0.375 1
vt 0.375 0.625
vt 0 0.625
vn 0 0 -1
vn 1 0 0
vn 0 0 1
vn -1 0 0
vn 0 1 0
vn 0 -1 0
usemtl none
f 359/909/231 362/908/231 360/907/231 357/906/231
f 358/913/232 359/912/232 357/911/232 356/910/232
f 363/917/233 358/916/233 356/915/233 361/914/233
f 362/921/234 363/920/234 361/919/234 360/918/234
f 361/925/235 356/924/235 357/923/235 360/922/235
f 362/929/236 359/928/236 358/927/236 363/926/236
o cube
v 0.9437499999999995 0.375 0.375
v 0.9437499999999995 0.375 0
v 0.9437499999999995 0 0.375
v 0.9437499999999995 0 0
v 0.5687499999999998 0.375 0
v 0.5687499999999998 0.375 0.375
v 0.5687499999999998 0 0
v 0.5687499999999998 0 0.375
vt 0 1
vt 0.375 1
vt 0.375 0.625
vt 0 0.625
vt 0 1
vt 0.375 1
vt 0.375 0.625
vt 0 0.625
vt 0 1
vt 0.375 1
vt 0.375 0.625
vt 0 0.625
vt 0 1
vt 0.375 1
vt 0.375 0.625
vt 0 0.625
vt 0 1
vt 0.375 1
vt 0.375 0.625
vt 0 0.625
vt 0 1
vt 0.375 1
vt 0.375 0.625
vt 0 0.625
vn 0 0 -1
vn 1 0 0
vn 0 0 1
vn -1 0 0
vn 0 1 0
vn 0 -1 0
usemtl none
f 367/933/237 370/932/237 368/931/237 365/930/237
f 366/937/238 367/936/238 365/935/238 364/934/238
f 371/941/239 366/940/239 364/939/239 369/938/239
f 370/945/240 371/944/240 369/943/240 368/942/240
f 369/949/241 364/948/241 365/947/241 368/946/241
f 370/953/242 367/952/242 366/951/242 371/950/242
o cube
v 1.318750000000001 0.375 0.375
v 1.318750000000001 0.375 0
v 1.318750000000001 0 0.375
v 1.318750000000001 0 0
v 0.9437499999999996 0.375 0
v 0.9437499999999996 0.375 0.375
v 0.9437499999999996 0 0
v 0.9437499999999996 0 0.375
vt 0 1
vt 0.375 1
vt 0.375 0.625
vt 0 0.625
vt 0 1
vt 0.375 1
vt 0.375 0.625
vt 0 0.625
vt 0 1
vt 0.375 1
vt 0.375 0.625
vt 0 0.625
vt 0 1
vt 0.375 1
vt 0.375 0.625
vt 0 0.625
vt 0 1
vt 0.375 1
vt 0.375 0.625
vt 0 0.625
vt 0 1
vt 0.375 1
vt 0.375 0.625
vt 0 0.625
vn 0 0 -1
vn 1 0 0
vn 0 0 1
vn -1 0 0
vn 0 1 0
vn 0 -1 0
usemtl none
f 375/957/243 378/956/243 376/955/243 373/954/243
f 374/961/244 375/960/244 373/959/244 372/958/244
f 379/965/245 374/964/245 372/963/245 377/962/245
f 378/969/246 379/968/246 377/967/246 376/966/246
f 377/973/247 372/972/247 373/971/247 376/970/247
f 378/977/248 375/976/248 374/975/248 379/974/248
o cube
v 1.3187500000000005 0.375 0
v 1.3187500000000005 0.375 -0.375
v 1.3187500000000005 0 0
v 1.3187500000000005 0 -0.375
v 0.9437499999999998 0.375 -0.375
v 0.9437499999999998 0.375 0
v 0.9437499999999998 0 -0.375
v 0.9437499999999998 0 0
vt 0 1
vt 0.375 1
vt 0.375 0.625
vt 0 0.625
vt 0 1
vt 0.375 1
vt 0.375 0.625
vt 0 0.625
vt 0 1
vt 0.375 1
vt 0.375 0.625
vt 0 0.625
vt 0 1
vt 0.375 1
vt 0.375 0.625
vt 0 0.625
vt 0 1
vt 0.375 1
vt 0.375 0.625
vt 0 0.625
vt 0 1
vt 0.375 1
vt 0.375 0.625
vt 0 0.625
vn 0 0 -1
vn 1 0 0
vn 0 0 1
vn -1 0 0
vn 0 1 0
vn 0 -1 0
usemtl none
f 383/981/249 386/980/249 384/979/249 381/978/249
f 382/985/250 383/984/250 381/983/250 380/982/250
f 387/989/251 382/988/251 380/987/251 385/986/251
f 386/993/252 387/992/252 385/991/252 384/990/252
f 385/997/253 380/996/253 381/995/253 384/994/253
f 386/1001/254 383/1000/254 382/999/254 387/998/254
o cube
v 0.9437499999999999 0.375 0
v 0.9437499999999999 0.375 -0.375
v 0.9437499999999999 0 0
v 0.9437499999999999 0 -0.375
v 0.5687499999999999 0.375 -0.375
v 0.5687499999999999 0.375 0
v 0.5687499999999999 0 -0.375
v 0.5687499999999999 0 0
vt 0 1
vt 0.375 1
vt 0.375 0.625
vt 0 0.625
vt 0 1
vt 0.375 1
vt 0.375 0.625
vt 0 0.625
vt 0 1
vt 0.375 1
vt 0.375 0.625
vt 0 0.625
vt 0 1
vt 0.375 1
vt 0.375 0.625
vt 0 0.625
vt 0 1
vt 0.375 1
vt 0.375 0.625
vt 0 0.625
vt 0 1
vt 0.375 1
vt 0.375 0.625
vt 0 0.625
vn 0 0 -1
vn 1 0 0
vn 0 0 1
vn -1 0 0
vn 0 1 0
vn 0 -1 0
usemtl none
f 391/1005/255 394/1004/255 392/1003/255 389/1002/255
f 390/1009/256 391/1008/256 389/1007/256 388/1006/256
f 395/1013/257 390/1012/257 388/1011/257 393/1010/257
f 394/1017/258 395/1016/258 393/1015/258 392/1014/258
f 393/1021/259 388/1020/259 389/1019/259 392/1018/259
f 394/1025/260 391/1024/260 390/1023/260 395/1022/260
o cube
v 1.3125 0.375 -0.375
v 1.3125 0.375 -0.875
v 1.3125 0 -0.375
v 1.3125 0 -0.875
v 0.9375 0.375 -0.875
v 0.9375 0.375 -0.375
v 0.9375 0 -0.875
v 0.9375 0 -0.375
vt 0 1
vt 0.375 1
vt 0.375 0.625
vt 0 0.625
vt 0 1
vt 0.5 1
vt 0.5 0.625
vt 0 0.625
vt 0 1
vt 0.375 1
vt 0.375 0.625
vt 0 0.625
vt 0 1
vt 0.5 1
vt 0.5 0.625
vt 0 0.625
vt 0 1
vt 0.375 1
vt 0.375 0.5
vt 0 0.5
vt 0 1
vt 0.375 1
vt 0.375 0.5
vt 0 0.5
vn 0 0 -1
vn 1 0 0
vn 0 0 1
vn -1 0 0
vn 0 1 0
vn 0 -1 0
usemtl none
f 399/1029/261 402/1028/261 400/1027/261 397/1026/261
f 398/1033/262 399/1032/262 397/1031/262 396/1030/262
f 403/1037/263 398/1036/263 396/1035/263 401/1034/263
f 402/1041/264 403/1040/264 401/1039/264 400/1038/264
f 401/1045/265 396/1044/265 397/1043/265 400/1042/265
f 402/1049/266 399/1048/266 398/1047/266 403/1046/266
o cube
v 1.3125 0.375 -0.875
v 1.3125 0.375 -1.25
v 1.3125 0 -0.875
v 1.3125 0 -1.25
v 0.9375 0.375 -1.25
v 0.9375 0.375 -0.875
v 0.9375 0 -1.25
v 0.9375 0 -0.875
vt 0 1
vt 0.375 1
vt 0.375 0.625
vt 0 0.625
vt 0 1
vt 0.375 1
vt 0.375 0.625
vt 0 0.625
vt 0 1
vt 0.375 1
vt 0.375 0.625
vt 0 0.625
vt 0 1
vt 0.375 1
vt 0.375 0.625
vt 0 0.625
vt 0 1
vt 0.375 1
vt 0.375 0.625
vt 0 0.625
vt 0 1
vt 0.375 1
vt 0.375 0.625
vt 0 0.625
vn 0 0 -1
vn 1 0 0
vn 0 0 1
vn -1 0 0
vn 0 1 0
vn 0 -1 0
usemtl none
f 407/1053/267 410/1052/267 408/1051/267 405/1050/267
f 406/1057/268 407/1056/268 405/1055/268 404/1054/268
f 411/1061/269 406/1060/269 404/1059/269 409/1058/269
f 410/1065/270 411/1064/270 409/1063/270 408/1062/270
f 409/1069/271 404/1068/271 405/1067/271 408/1066/271
f 410/1073/272 407/1072/272 406/1071/272 411/1070/272
o cube
v 0.9375 0.375 -0.875
v 0.9375 0.375 -1.25
v 0.9375 0 -0.875
v 0.9375 0 -1.25
v 0.5625 0.375 -1.25
v 0.5625 0.375 -0.875
v 0.5625 0 -1.25
v 0.5625 0 -0.875
vt 0 1
vt 0.375 1
vt 0.375 0.625
vt 0 0.625
vt 0 1
vt 0.375 1
vt 0.375 0.625
vt 0 0.625
vt 0 1
vt 0.375 1
vt 0.375 0.625
vt 0 0.625
vt 0 1
vt 0.375 1
vt 0.375 0.625
vt 0 0.625
vt 0 1
vt 0.375 1
vt 0.375 0.625
vt 0 0.625
vt 0 1
vt 0.375 1
vt 0.375 0.625
vt 0 0.625
vn 0 0 -1
vn 1 0 0
vn 0 0 1
vn -1 0 0
vn 0 1 0
vn 0 -1 0
usemtl none
f 415/1077/273 418/1076/273 416/1075/273 413/1074/273
f 414/1081/274 415/1080/274 413/1079/274 412/1078/274
f 419/1085/275 414/1084/275 412/1083/275 417/1082/275
f 418/1089/276 419/1088/276 417/1087/276 416/1086/276
f 417/1093/277 412/1092/277 413/1091/277 416/1090/277
f 418/1097/278 415/1096/278 414/1095/278 419/1094/278
o cube
v 0.9375 0.375 -0.625
v 0.9375 0.375 -1
v 0.9375 0 -0.625
v 0.9375 0 -1
v 0.5625 0.375 -1
v 0.5625 0.375 -0.625
v 0.5625 0 -1
v 0.5625 0 -0.625
vt 0 1
vt 0.375 1
vt 0.375 0.625
vt 0 0.625
vt 0 1
vt 0.375 1
vt 0.375 0.625
vt 0 0.625
vt 0 1
vt 0.375 1
vt 0.375 0.625
vt 0 0.625
vt 0 1
vt 0.375 1
vt 0.375 0.625
vt 0 0.625
vt 0 1
vt 0.375 1
vt 0.375 0.625
vt 0 0.625
vt 0 1
vt 0.375 1
vt 0.375 0.625
vt 0 0.625
vn 0 0 -1
vn 1 0 0
vn 0 0 1
vn -1 0 0
vn 0 1 0
vn 0 -1 0
usemtl none
f 423/1101/279 426/1100/279 424/1099/279 421/1098/279
f 422/1105/280 423/1104/280 421/1103/280 420/1102/280
f 427/1109/281 422/1108/281 420/1107/281 425/1106/281
f 426/1113/282 427/1112/282 425/1111/282 424/1110/282
f 425/1117/283 420/1116/283 421/1115/283 424/1114/283
f 426/1121/284 423/1120/284 422/1119/284 427/1118/284
o cube
v -0.1875 0.375 1.375
v -0.1875 0.375 1
v -0.1875 0 1.375
v -0.1875 0 1
v -0.5625 0.375 1
v -0.5625 0.375 1.375
v -0.5625 0 1
v -0.5625 0 1.375
vt 0 1
vt 0.375 1
vt 0.375 0.625
vt 0 0.625
vt 0 1
vt 0.375 1
vt 0.375 0.625
vt 0 0.625
vt 0 1
vt 0.375 1
vt 0.375 0.625
vt 0 0.625
vt 0 1
vt 0.375 1
vt 0.375 0.625
vt 0 0.625
vt 0 1
vt 0.375 1
vt 0.375 0.625
vt 0 0.625
vt 0 1
vt 0.375 1
vt 0.375 0.625
vt 0 0.625
vn 0 0 -1
vn 1 0 0
vn 0 0 1
vn -1 0 0
vn 0 1 0
vn 0 -1 0
usemtl none
f 431/1125/285 434/1124/285 432/1123/285 429/1122/285
f 430/1129/286 431/1128/286 429/1127/286 428/1126/286
f 435/1133/287 430/1132/287 428/1131/287 433/1130/287
f 434/1137/288 435/1136/288 433/1135/288 432/1134/288
f 433/1141/289 428/1140/289 429/1139/289 432/1138/289
f 434/1145/290 431/1144/290 430/1143/290 435/1142/290
o cube
v 0.3125 0.375 1.375
v 0.3125 0.375 1
v 0.3125 0 1.375
v 0.3125 0 1
v -0.0625 0.375 1
v -0.0625 0.375 1.375
v -0.0625 0 1
v -0.0625 0 1.375
vt 0 1
vt 0.375 1
vt 0.375 0.625
vt 0 0.625
vt 0 1
vt 0.375 1
vt 0.375 0.625
vt 0 0.625
vt 0 1
vt 0.375 1
vt 0.375 0.625
vt 0 0.625
vt 0 1
vt 0.375 1
vt 0.375 0.625
vt 0 0.625
vt 0 1
vt 0.375 1
vt 0.375 0.625
vt 0 0.625
vt 0 1
vt 0.375 1
vt 0.375 0.625
vt 0 0.625
vn 0 0 -1
vn 1 0 0
vn 0 0 1
vn -1 0 0
vn 0 1 0
vn 0 -1 0
usemtl none
f 439/1149/291 442/1148/291 440/1147/291 437/1146/291
f 438/1153/292 439/1152/292 437/1151/292 436/1150/292
f 443/1157/293 438/1156/293 436/1155/293 441/1154/293
f 442/1161/294 443/1160/294 441/1159/294 440/1158/294
f 441/1165/295 436/1164/295 437/1163/295 440/1162/295
f 442/1169/296 439/1168/296 438/1167/296 443/1166/296
o cube
v -0.8125 0.375 1.375
v -0.8125 0.375 1
v -0.8125 0 1.375
v -0.8125 0 1
v -1.1875 0.375 1
v -1.1875 0.375 1.375
v -1.1875 0 1
v -1.1875 0 1.375
vt 0 1
vt 0.375 1
vt 0.375 0.625
vt 0 0.625
vt 0 1
vt 0.375 1
vt 0.375 0.625
vt 0 0.625
vt 0 1
vt 0.375 1
vt 0.375 0.625
vt 0 0.625
vt 0 1
vt 0.375 1
vt 0.375 0.625
vt 0 0.625
vt 0 1
vt 0.375 1
vt 0.375 0.625
vt 0 0.625
vt 0 1
vt 0.375 1
vt 0.375 0.625
vt 0 0.625
vn 0 0 -1
vn 1 0 0
vn 0 0 1
vn -1 0 0
vn 0 1 0
vn 0 -1 0
usemtl none
f 447/1173/297 450/1172/297 448/1171/297 445/1170/297
f 446/1177/298 447/1176/298 445/1175/298 444/1174/298
f 451/1181/299 446/1180/299 444/1179/299 449/1178/299
f 450/1185/300 451/1184/300 449/1183/300 448/1182/300
f 449/1189/301 444/1188/301 445/1187/301 448/1186/301
f 450/1193/302 447/1192/302 446/1191/302 451/1190/302
o cube
v -1.0625 0.375 1.375
v -1.0625 0.375 1
v -1.0625 0 1.375
v -1.0625 0 1
v -1.4375 0.375 1
v -1.4375 0.375 1.375
v -1.4375 0 1
v -1.4375 0 1.375
vt 0 1
vt 0.375 1
vt 0.375 0.625
vt 0 0.625
vt 0 1
vt 0.375 1
vt 0.375 0.625
vt 0 0.625
vt 0 1
vt 0.375 1
vt 0.375 0.625
vt 0 0.625
vt 0 1
vt 0.375 1
vt 0.375 0.625
vt 0 0.625
vt 0 1
vt 0.375 1
vt 0.375 0.625
vt 0 0.625
vt 0 1
vt 0.375 1
vt 0.375 0.625
vt 0 0.625
vn 0 0 -1
vn 1 0 0
vn 0 0 1
vn -1 0 0
vn 0 1 0
vn 0 -1 0
usemtl none
f 455/1197/303 458/1196/303 456/1195/303 453/1194/303
f 454/1201/304 455/1200/304 453/1199/304 452/1198/304
f 459/1205/305 454/1204/305 452/1203/305 457/1202/305
f 458/1209/306 459/1208/306 457/1207/306 456/1206/306
f 457/1213/307 452/1212/307 453/1211/307 456/1210/307
f 458/1217/308 455/1216/308 454/1215/308 459/1214/308
o cube
v 1.3125 0.375 1.375
v 1.3125 0.375 1
v 1.3125 0 1.375
v 1.3125 0 1
v 0.9375 0.375 1
v 0.9375 0.375 1.375
v 0.9375 0 1
v 0.9375 0 1.375
vt 0 1
vt 0.375 1
vt 0.375 0.625
vt 0 0.625
vt 0 1
vt 0.375 1
vt 0.375 0.625
vt 0 0.625
vt 0 1
vt 0.375 1
vt 0.375 0.625
vt 0 0.625
vt 0 1
vt 0.375 1
vt 0.375 0.625
vt 0 0.625
vt 0 1
vt 0.375 1
vt 0.375 0.625
vt 0 0.625
vt 0 1
vt 0.375 1
vt 0.375 0.625
vt 0 0.625
vn 0 0 -1
vn 1 0 0
vn 0 0 1
vn -1 0 0
vn 0 1 0
vn 0 -1 0
usemtl none
f 463/1221/309 466/1220/309 464/1219/309 461/1218/309
f 462/1225/310 463/1224/310 461/1223/310 460/1222/310
f 467/1229/311 462/1228/311 460/1227/311 465/1226/311
f 466/1233/312 467/1232/312 465/1231/312 464/1230/312
f 465/1237/313 460/1236/313 461/1235/313 464/1234/313
f 466/1241/314 463/1240/314 462/1239/314 467/1238/314
o cube
v 0.9375 0.375 1.375
v 0.9375 0.375 1
v 0.9375 0 1.375
v 0.9375 0 1
v 0.5625 0.375 1
v 0.5625 0.375 1.375
v 0.5625 0 1
v 0.5625 0 1.375
vt 0 1
vt 0.375 1
vt 0.375 0.625
vt 0 0.625
vt 0 1
vt 0.375 1
vt 0.375 0.625
vt 0 0.625
vt 0 1
vt 0.375 1
vt 0.375 0.625
vt 0 0.625
vt 0 1
vt 0.375 1
vt 0.375 0.625
vt 0 0.625
vt 0 1
vt 0.375 1
vt 0.375 0.625
vt 0 0.625
vt 0 1
vt 0.375 1
vt 0.375 0.625
vt 0 0.625
vn 0 0 -1
vn 1 0 0
vn 0 0 1
vn -1 0 0
vn 0 1 0
vn 0 -1 0
usemtl none
f 471/1245/315 474/1244/315 472/1243/315 469/1242/315
f 470/1249/316 471/1248/316 469/1247/316 468/1246/316
f 475/1253/317 470/1252/317 468/1251/317 473/1250/317
f 474/1257/318 475/1256/318 473/1255/318 472/1254/318
f 473/1261/319 468/1260/319 469/1259/319 472/1258/319
f 474/1265/320 471/1264/320 470/1263/320 475/1262/320
o mesh
v 1.671875 0.15625 1.34375
v 1.578125 0.15625 1.34375
v 1.671875 0.03125 1.34375
v 1.578125 0.03125 1.34375
v 1.671875 0.15625 1.53125
v 1.578125 0.15625 1.53125
v 1.671875 0.03125 1.53125
v 1.578125 0.03125 1.53125
vt 0.25 1
vt 0 1
vt 0 0.8125
vt 0.25 0.8125
vt 0.25 0.8125
vt 0.25 1
vt 0 1
vt 0 0.8125
vt 0 0.75
vt 0.25 0.75
vt 0.25 1
vt 0 1
vt 0.25 0.75
vt 0.25 1
vt 0 1
vt 0 0.75
vt 0.25 0.8125
vt 0.25 1
vt 0 1
vt 0 0.8125
vt 0.25 1
vt 0 1
vt 0 0.8125
vt 0.25 0.8125
vn 2.220446049250313e-16 0 -1
vn -2.220446049250313e-16 0 1
vn 0 1 0
vn 0 -1 0
vn 1 0 2.220446049250313e-16
vn -1 0 -2.220446049250313e-16
usemtl none
f 477/1266/321 476/1267/321 478/1268/321 479/1269/321
f 482/1270/322 480/1271/322 481/1272/322 483/1273/322
f 480/1274/323 476/1275/323 477/1276/323 481/1277/323
f 479/1278/324 478/1279/324 482/1280/324 483/1281/324
f 478/1282/325 476/1283/325 480/1284/325 482/1285/325
f 481/1286/326 477/1287/326 479/1288/326 483/1289/326
o mesh
v 1.671875 0.15625 1.09375
v 1.578125 0.15625 1.09375
v 1.671875 0.03125 1.09375
v 1.578125 0.03125 1.09375
v 1.671875 0.15625 1.28125
v 1.578125 0.15625 1.28125
v 1.671875 0.03125 1.28125
v 1.578125 0.03125 1.28125
vt 0.25 1
vt 0 1
vt 0 0.8125
vt 0.25 0.8125
vt 0.25 0.8125
vt 0.25 1
vt 0 1
vt 0 0.8125
vt 0 0.75
vt 0.25 0.75
vt 0.25 1
vt 0 1
vt 0.25 0.75
vt 0.25 1
vt 0 1
vt 0 0.75
vt 0.25 0.8125
vt 0.25 1
vt 0 1
vt 0 0.8125
vt 0.25 1
vt 0 1
vt 0 0.8125
vt 0.25 0.8125
vn 2.220446049250313e-16 0 -1
vn -2.220446049250313e-16 0 1
vn 0 1 0
vn 0 -1 0
vn 1 0 2.220446049250313e-16
vn -1 0 -2.220446049250313e-16
usemtl none
f 485/1290/327 484/1291/327 486/1292/327 487/1293/327
f 490/1294/328 488/1295/328 489/1296/328 491/1297/328
f 488/1298/329 484/1299/329 485/1300/329 489/1301/329
f 487/1302/330 486/1303/330 490/1304/330 491/1305/330
f 486/1306/331 484/1307/331 488/1308/331 490/1309/331
f 489/1310/332 485/1311/332 487/1312/332 491/1313/332
o mesh
v 1.671875 0.15625 0.84375
v 1.578125 0.15625 0.84375
v 1.671875 0.03125 0.84375
v 1.578125 0.03125 0.84375
v 1.671875 0.15625 1.03125
v 1.578125 0.15625 1.03125
v 1.671875 0.03125 1.03125
v 1.578125 0.03125 1.03125
vt 0.25 1
vt 0 1
vt 0 0.8125
vt 0.25 0.8125
vt 0.25 0.8125
vt 0.25 1
vt 0 1
vt 0 0.8125
vt 0 0.75
vt 0.25 0.75
vt 0.25 1
vt 0 1
vt 0.25 0.75
vt 0.25 1
vt 0 1
vt 0 0.75
vt 0.25 0.8125
vt 0.25 1
vt 0 1
vt 0 0.8125
vt 0.25 1
vt 0 1
vt 0 0.8125
vt 0.25 0.8125
vn 2.220446049250313e-16 0 -1
vn -2.220446049250313e-16 0 1
vn 0 1 0
vn 0 -1 0
vn 1 0 2.220446049250313e-16
vn -1 0 -2.220446049250313e-16
usemtl none
f 493/1314/333 492/1315/333 494/1316/333 495/1317/333
f 498/1318/334 496/1319/334 497/1320/334 499/1321/334
f 496/1322/335 492/1323/335 493/1324/335 497/1325/335
f 495/1326/336 494/1327/336 498/1328/336 499/1329/336
f 494/1330/337 492/1331/337 496/1332/337 498/1333/337
f 497/1334/338 493/1335/338 495/1336/338 499/1337/338
o mesh
v 1.671875 0.15625 0.53125
v 1.578125 0.15625 0.53125
v 1.671875 0.03125 0.53125
v 1.578125 0.03125 0.53125
v 1.671875 0.15625 0.71875
v 1.578125 0.15625 0.71875
v 1.671875 0.03125 0.71875
v 1.578125 0.03125 0.71875
vt 0.25 1
vt 0 1
vt 0 0.8125
vt 0.25 0.8125
vt 0.25 0.8125
vt 0.25 1
vt 0 1
vt 0 0.8125
vt 0 0.75
vt 0.25 0.75
vt 0.25 1
vt 0 1
vt 0.25 0.75
vt 0.25 1
vt 0 1
vt 0 0.75
vt 0.25 0.8125
vt 0.25 1
vt 0 1
vt 0 0.8125
vt 0.25 1
vt 0 1
vt 0 0.8125
vt 0.25 0.8125
vn 2.220446049250313e-16 0 -1
vn -2.220446049250313e-16 0 1
vn 0 1 0
vn 0 -1 0
vn 1 0 2.220446049250313e-16
vn -1 0 -2.220446049250313e-16
usemtl none
f 501/1338/339 500/1339/339 502/1340/339 503/1341/339
f 506/1342/340 504/1343/340 505/1344/340 507/1345/340
f 504/1346/341 500/1347/341 501/1348/341 505/1349/341
f 503/1350/342 502/1351/342 506/1352/342 507/1353/342
f 502/1354/343 500/1355/343 504/1356/343 506/1357/343
f 505/1358/344 501/1359/344 503/1360/344 507/1361/344
o mesh
v 1.671875 0.15625 -0.34375
v 1.578125 0.15625 -0.34375
v 1.671875 0.03125 -0.34375
v 1.578125 0.03125 -0.34375
v 1.671875 0.15625 -0.15625
v 1.578125 0.15625 -0.15625
v 1.671875 0.03125 -0.15625
v 1.578125 0.03125 -0.15625
vt 0.25 1
vt 0 1
vt 0 0.8125
vt 0.25 0.8125
vt 0.25 0.8125
vt 0.25 1
vt 0 1
vt 0 0.8125
vt 0 0.75
vt 0.25 0.75
vt 0.25 1
vt 0 1
vt 0.25 0.75
vt 0.25 1
vt 0 1
vt 0 0.75
vt 0.25 0.8125
vt 0.25 1
vt 0 1
vt 0 0.8125
vt 0.25 1
vt 0 1
vt 0 0.8125
vt 0.25 0.8125
vn 2.220446049250313e-16 0 -1
vn -2.220446049250313e-16 0 1
vn 0 1 0
vn 0 -1 0
vn 1 0 2.220446049250313e-16
vn -1 0 -2.220446049250313e-16
usemtl none
f 509/1362/345 508/1363/345 510/1364/345 511/1365/345
f 514/1366/346 512/1367/346 513/1368/346 515/1369/346
f 512/1370/347 508/1371/347 509/1372/347 513/1373/347
f 511/1374/348 510/1375/348 514/1376/348 515/1377/348
f 510/1378/349 508/1379/349 512/1380/349 514/1381/349
f 513/1382/350 509/1383/350 511/1384/350 515/1385/350
o mesh
v 1.734375 0.21875 -0.031249999999999972
v 1.515625 0.21875 -0.03125000000000003
v 1.734375 0.03125 -0.031249999999999972
v 1.515625 0.03125 -0.03125000000000003
v 1.734375 0.21875 0.40625
v 1.515625 0.21875 0.40625
v 1.734375 0.03125 0.40625
v 1.515625 0.03125 0.40625
vt 0.25 1
vt 0 1
vt 0 0.8125
vt 0.25 0.8125
vt 0.25 0.8125
vt 0.25 1
vt 0 1
vt 0 0.8125
vt 0 0.75
vt 0.25 0.75
vt 0.25 1
vt 0 1
vt 0.25 0.75
vt 0.25 1
vt 0 1
vt 0 0.75
vt 0.25 0.8125
vt 0.25 1
vt 0 1
vt 0 0.8125
vt 0.25 1
vt 0 1
vt 0 0.8125
vt 0.25 0.8125
vn 2.220446049250313e-16 0 -1
vn -2.220446049250313e-16 0 1
vn 0 1 0
vn 0 -1 0
vn 1 0 2.220446049250313e-16
vn -1 0 -2.220446049250313e-16
usemtl none
f 517/1386/351 516/1387/351 518/1388/351 519/1389/351
f 522/1390/352 520/1391/352 521/1392/352 523/1393/352
f 520/1394/353 516/1395/353 517/1396/353 521/1397/353
f 519/1398/354 518/1399/354 522/1400/354 523/1401/354
f 518/1402/355 516/1403/355 520/1404/355 522/1405/355
f 521/1406/356 517/1407/356 519/1408/356 523/1409/356
o mesh
v 1.671875 0.15625 -0.96875
v 1.578125 0.15625 -0.96875
v 1.671875 0.03125 -0.96875
v 1.578125 0.03125 -0.96875
v 1.671875 0.15625 -0.78125
v 1.578125 0.15625 -0.78125
v 1.671875 0.03125 -0.78125
v 1.578125 0.03125 -0.78125
vt 0.25 1
vt 0 1
vt 0 0.8125
vt 0.25 0.8125
vt 0.25 0.8125
vt 0.25 1
vt 0 1
vt 0 0.8125
vt 0 0.75
vt 0.25 0.75
vt 0.25 1
vt 0 1
vt 0.25 0.75
vt 0.25 1
vt 0 1
vt 0 0.75
vt 0.25 0.8125
vt 0.25 1
vt 0 1
vt 0 0.8125
vt 0.25 1
vt 0 1
vt 0 0.8125
vt 0.25 0.8125
vn 2.220446049250313e-16 0 -1
vn -2.220446049250313e-16 0 1
vn 0 1 0
vn 0 -1 0
vn 1 0 2.220446049250313e-16
vn -1 0 -2.220446049250313e-16
usemtl none
f 525/1410/357 524/1411/357 526/1412/357 527/1413/357
f 530/1414/358 528/1415/358 529/1416/358 531/1417/358
f 528/1418/359 524/1419/359 525/1420/359 529/1421/359
f 527/1422/360 526/1423/360 530/1424/360 531/1425/360
f 526/1426/361 524/1427/361 528/1428/361 530/1429/361
f 529/1430/362 525/1431/362 527/1432/362 531/1433/362
o mesh
v 1.671875 0.15625 -1.28125
v 1.578125 0.15625 -1.28125
v 1.671875 0.03125 -1.28125
v 1.578125 0.03125 -1.28125
v 1.671875 0.15625 -1.09375
v 1.578125 0.15625 -1.09375
v 1.671875 0.03125 -1.09375
v 1.578125 0.03125 -1.09375
vt 0.25 1
vt 0 1
vt 0 0.8125
vt 0.25 0.8125
vt 0.25 0.8125
vt 0.25 1
vt 0 1
vt 0 0.8125
vt 0 0.75
vt 0.25 0.75
vt 0.25 1
vt 0 1
vt 0.25 0.75
vt 0.25 1
vt 0 1
vt 0 0.75
vt 0.25 0.8125
vt 0.25 1
vt 0 1
vt 0 0.8125
vt 0.25 1
vt 0 1
vt 0 0.8125
vt 0.25 0.8125
vn 2.220446049250313e-16 0 -1
vn -2.220446049250313e-16 0 1
vn 0 1 0
vn 0 -1 0
vn 1 0 2.220446049250313e-16
vn -1 0 -2.220446049250313e-16
usemtl none
f 533/1434/363 532/1435/363 534/1436/363 535/1437/363
f 538/1438/364 536/1439/364 537/1440/364 539/1441/364
f 536/1442/365 532/1443/365 533/1444/365 537/1445/365
f 535/1446/366 534/1447/366 538/1448/366 539/1449/366
f 534/1450/367 532/1451/367 536/1452/367 538/1453/367
f 537/1454/368 533/1455/368 535/1456/368 539/1457/368
o mesh
v 1.671875 0.15625 -0.65625
v 1.578125 0.15625 -0.65625
v 1.671875 0.03125 -0.65625
v 1.578125 0.03125 -0.65625
v 1.671875 0.15625 -0.46875
v 1.578125 0.15625 -0.46875
v 1.671875 0.03125 -0.46875
v 1.578125 0.03125 -0.46875
vt 0.25 1
vt 0 1
vt 0 0.8125
vt 0.25 0.8125
vt 0.25 0.8125
vt 0.25 1
vt 0 1
vt 0 0.8125
vt 0 0.75
vt 0.25 0.75
vt 0.25 1
vt 0 1
vt 0.25 0.75
vt 0.25 1
vt 0 1
vt 0 0.75
vt 0.25 0.8125
vt 0.25 1
vt 0 1
vt 0 0.8125
vt 0.25 1
vt 0 1
vt 0 0.8125
vt 0.25 0.8125
vn 2.220446049250313e-16 0 -1
vn -2.220446049250313e-16 0 1
vn 0 1 0
vn 0 -1 0
vn 1 0 2.220446049250313e-16
vn -1 0 -2.220446049250313e-16
usemtl none
f 541/1458/369 540/1459/369 542/1460/369 543/1461/369
f 546/1462/370 544/1463/370 545/1464/370 547/1465/370
f 544/1466/371 540/1467/371 541/1468/371 545/1469/371
f 543/1470/372 542/1471/372 546/1472/372 547/1473/372
f 542/1474/373 540/1475/373 544/1476/373 546/1477/373
f 545/1478/374 541/1479/374 543/1480/374 547/1481/374
o mesh
v -1.578125 0.15625 -0.65625
v -1.671875 0.15625 -0.65625
v -1.578125 0.03125 -0.65625
v -1.671875 0.03125 -0.65625
v -1.578125 0.15625 -0.46875
v -1.671875 0.15625 -0.46875
v -1.578125 0.03125 -0.46875
v -1.671875 0.03125 -0.46875
vt 0.25 1
vt 0 1
vt 0 0.8125
vt 0.25 0.8125
vt 0.25 0.8125
vt 0.25 1
vt 0 1
vt 0 0.8125
vt 0 0.75
vt 0.25 0.75
vt 0.25 1
vt 0 1
vt 0.25 0.75
vt 0.25 1
vt 0 1
vt 0 0.75
vt 0.25 0.8125
vt 0.25 1
vt 0 1
vt 0 0.8125
vt 0.25 1
vt 0 1
vt 0 0.8125
vt 0.25 0.8125
vn 2.220446049250313e-16 0 -1
vn -2.220446049250313e-16 0 1
vn 0 1 0
vn 0 -1 0
vn 1 0 2.220446049250313e-16
vn -1 0 -2.220446049250313e-16
usemtl none
f 549/1482/375 548/1483/375 550/1484/375 551/1485/375
f 554/1486/376 552/1487/376 553/1488/376 555/1489/376
f 552/1490/377 548/1491/377 549/1492/377 553/1493/377
f 551/1494/378 550/1495/378 554/1496/378 555/1497/378
f 550/1498/379 548/1499/379 552/1500/379 554/1501/379
f 553/1502/380 549/1503/380 551/1504/380 555/1505/380
o mesh
v -1.578125 0.15625 1.34375
v -1.671875 0.15625 1.34375
v -1.578125 0.03125 1.34375
v -1.671875 0.03125 1.34375
v -1.578125 0.15625 1.53125
v -1.671875 0.15625 1.53125
v -1.578125 0.03125 1.53125
v -1.671875 0.03125 1.53125
vt 0.25 1
vt 0 1
vt 0 0.8125
vt 0.25 0.8125
vt 0.25 0.8125
vt 0.25 1
vt 0 1
vt 0 0.8125
vt 0 0.75
vt 0.25 0.75
vt 0.25 1
vt 0 1
vt 0.25 0.75
vt 0.25 1
vt 0 1
vt 0 0.75
vt 0.25 0.8125
vt 0.25 1
vt 0 1
vt 0 0.8125
vt 0.25 1
vt 0 1
vt 0 0.8125
vt 0.25 0.8125
vn 2.220446049250313e-16 0 -1
vn -2.220446049250313e-16 0 1
vn 0 1 0
vn 0 -1 0
vn 1 0 2.220446049250313e-16
vn -1 0 -2.220446049250313e-16
usemtl none
f 557/1506/381 556/1507/381 558/1508/381 559/1509/381
f 562/1510/382 560/1511/382 561/1512/382 563/1513/382
f 560/1514/383 556/1515/383 557/1516/383 561/1517/383
f 559/1518/384 558/1519/384 562/1520/384 563/1521/384
f 558/1522/385 556/1523/385 560/1524/385 562/1525/385
f 561/1526/386 557/1527/386 559/1528/386 563/1529/386
o mesh
v -1.578125 0.15625 1.09375
v -1.671875 0.15625 1.09375
v -1.578125 0.03125 1.09375
v -1.671875 0.03125 1.09375
v -1.578125 0.15625 1.28125
v -1.671875 0.15625 1.28125
v -1.578125 0.03125 1.28125
v -1.671875 0.03125 1.28125
vt 0.25 1
vt 0 1
vt 0 0.8125
vt 0.25 0.8125
vt 0.25 0.8125
vt 0.25 1
vt 0 1
vt 0 0.8125
vt 0 0.75
vt 0.25 0.75
vt 0.25 1
vt 0 1
vt 0.25 0.75
vt 0.25 1
vt 0 1
vt 0 0.75
vt 0.25 0.8125
vt 0.25 1
vt 0 1
vt 0 0.8125
vt 0.25 1
vt 0 1
vt 0 0.8125
vt 0.25 0.8125
vn 2.220446049250313e-16 0 -1
vn -2.220446049250313e-16 0 1
vn 0 1 0
vn 0 -1 0
vn 1 0 2.220446049250313e-16
vn -1 0 -2.220446049250313e-16
usemtl none
f 565/1530/387 564/1531/387 566/1532/387 567/1533/387
f 570/1534/388 568/1535/388 569/1536/388 571/1537/388
f 568/1538/389 564/1539/389 565/1540/389 569/1541/389
f 567/1542/390 566/1543/390 570/1544/390 571/1545/390
f 566/1546/391 564/1547/391 568/1548/391 570/1549/391
f 569/1550/392 565/1551/392 567/1552/392 571/1553/392
o mesh
v -1.578125 0.15625 0.84375
v -1.671875 0.15625 0.84375
v -1.578125 0.03125 0.84375
v -1.671875 0.03125 0.84375
v -1.578125 0.15625 1.03125
v -1.671875 0.15625 1.03125
v -1.578125 0.03125 1.03125
v -1.671875 0.03125 1.03125
vt 0.25 1
vt 0 1
vt 0 0.8125
vt 0.25 0.8125
vt 0.25 0.8125
vt 0.25 1
vt 0 1
vt 0 0.8125
vt 0 0.75
vt 0.25 0.75
vt 0.25 1
vt 0 1
vt 0.25 0.75
vt 0.25 1
vt 0 1
vt 0 0.75
vt 0.25 0.8125
vt 0.25 1
vt 0 1
vt 0 0.8125
vt 0.25 1
vt 0 1
vt 0 0.8125
vt 0.25 0.8125
vn 2.220446049250313e-16 0 -1
vn -2.220446049250313e-16 0 1
vn 0 1 0
vn 0 -1 0
vn 1 0 2.220446049250313e-16
vn -1 0 -2.220446049250313e-16
usemtl none
f 573/1554/393 572/1555/393 574/1556/393 575/1557/393
f 578/1558/394 576/1559/394 577/1560/394 579/1561/394
f 576/1562/395 572/1563/395 573/1564/395 577/1565/395
f 575/1566/396 574/1567/396 578/1568/396 579/1569/396
f 574/1570/397 572/1571/397 576/1572/397 578/1573/397
f 577/1574/398 573/1575/398 575/1576/398 579/1577/398
o mesh
v -1.578125 0.15625 0.53125
v -1.671875 0.15625 0.53125
v -1.578125 0.03125 0.53125
v -1.671875 0.03125 0.53125
v -1.578125 0.15625 0.71875
v -1.671875 0.15625 0.71875
v -1.578125 0.03125 0.71875
v -1.671875 0.03125 0.71875
vt 0.25 1
vt 0 1
vt 0 0.8125
vt 0.25 0.8125
vt 0.25 0.8125
vt 0.25 1
vt 0 1
vt 0 0.8125
vt 0 0.75
vt 0.25 0.75
vt 0.25 1
vt 0 1
vt 0.25 0.75
vt 0.25 1
vt 0 1
vt 0 0.75
vt 0.25 0.8125
vt 0.25 1
vt 0 1
vt 0 0.8125
vt 0.25 1
vt 0 1
vt 0 0.8125
vt 0.25 0.8125
vn 2.220446049250313e-16 0 -1
vn -2.220446049250313e-16 0 1
vn 0 1 0
vn 0 -1 0
vn 1 0 2.220446049250313e-16
vn -1 0 -2.220446049250313e-16
usemtl none
f 581/1578/399 580/1579/399 582/1580/399 583/1581/399
f 586/1582/400 584/1583/400 585/1584/400 587/1585/400
f 584/1586/401 580/1587/401 581/1588/401 585/1589/401
f 583/1590/402 582/1591/402 586/1592/402 587/1593/402
f 582/1594/403 580/1595/403 584/1596/403 586/1597/403
f 585/1598/404 581/1599/404 583/1600/404 587/1601/404
o mesh
v -1.578125 0.15625 -0.34375
v -1.671875 0.15625 -0.34375
v -1.578125 0.03125 -0.34375
v -1.671875 0.03125 -0.34375
v -1.578125 0.15625 -0.15625
v -1.671875 0.15625 -0.15625
v -1.578125 0.03125 -0.15625
v -1.671875 0.03125 -0.15625
vt 0.25 1
vt 0 1
vt 0 0.8125
vt 0.25 0.8125
vt 0.25 0.8125
vt 0.25 1
vt 0 1
vt 0 0.8125
vt 0 0.75
vt 0.25 0.75
vt 0.25 1
vt 0 1
vt 0.25 0.75
vt 0.25 1
vt 0 1
vt 0 0.75
vt 0.25 0.8125
vt 0.25 1
vt 0 1
vt 0 0.8125
vt 0.25 1
vt 0 1
vt 0 0.8125
vt 0.25 0.8125
vn 2.220446049250313e-16 0 -1
vn -2.220446049250313e-16 0 1
vn 0 1 0
vn 0 -1 0
vn 1 0 2.220446049250313e-16
vn -1 0 -2.220446049250313e-16
usemtl none
f 589/1602/405 588/1603/405 590/1604/405 591/1605/405
f 594/1606/406 592/1607/406 593/1608/406 595/1609/406
f 592/1610/407 588/1611/407 589/1612/407 593/1613/407
f 591/1614/408 590/1615/408 594/1616/408 595/1617/408
f 590/1618/409 588/1619/409 592/1620/409 594/1621/409
f 593/1622/410 589/1623/410 591/1624/410 595/1625/410
o mesh
v -1.578125 0.15625 -0.96875
v -1.671875 0.15625 -0.96875
v -1.578125 0.03125 -0.96875
v -1.671875 0.03125 -0.96875
v -1.578125 0.15625 -0.78125
v -1.671875 0.15625 -0.78125
v -1.578125 0.03125 -0.78125
v -1.671875 0.03125 -0.78125
vt 0.25 1
vt 0 1
vt 0 0.8125
vt 0.25 0.8125
vt 0.25 0.8125
vt 0.25 1
vt 0 1
vt 0 0.8125
vt 0 0.75
vt 0.25 0.75
vt 0.25 1
vt 0 1
vt 0.25 0.75
vt 0.25 1
vt 0 1
vt 0 0.75
vt 0.25 0.8125
vt 0.25 1
vt 0 1
vt 0 0.8125
vt 0.25 1
vt 0 1
vt 0 0.8125
vt 0.25 0.8125
vn 2.220446049250313e-16 0 -1
vn -2.220446049250313e-16 0 1
vn 0 1 0
vn 0 -1 0
vn 1 0 2.220446049250313e-16
vn -1 0 -2.220446049250313e-16
usemtl none
f 597/1626/411 596/1627/411 598/1628/411 599/1629/411
f 602/1630/412 600/1631/412 601/1632/412 603/1633/412
f 600/1634/413 596/1635/413 597/1636/413 601/1637/413
f 599/1638/414 598/1639/414 602/1640/414 603/1641/414
f 598/1642/415 596/1643/415 600/1644/415 602/1645/415
f 601/1646/416 597/1647/416 599/1648/416 603/1649/416
o mesh
v -1.578125 0.15625 -1.28125
v -1.671875 0.15625 -1.28125
v -1.578125 0.03125 -1.28125
v -1.671875 0.03125 -1.28125
v -1.578125 0.15625 -1.09375
v -1.671875 0.15625 -1.09375
v -1.578125 0.03125 -1.09375
v -1.671875 0.03125 -1.09375
vt 0.25 1
vt 0 1
vt 0 0.8125
vt 0.25 0.8125
vt 0.25 0.8125
vt 0.25 1
vt 0 1
vt 0 0.8125
vt 0 0.75
vt 0.25 0.75
vt 0.25 1
vt 0 1
vt 0.25 0.75
vt 0.25 1
vt 0 1
vt 0 0.75
vt 0.25 0.8125
vt 0.25 1
vt 0 1
vt 0 0.8125
vt 0.25 1
vt 0 1
vt 0 0.8125
vt 0.25 0.8125
vn 2.220446049250313e-16 0 -1
vn -2.220446049250313e-16 0 1
vn 0 1 0
vn 0 -1 0
vn 1 0 2.220446049250313e-16
vn -1 0 -2.220446049250313e-16
usemtl none
f 605/1650/417 604/1651/417 606/1652/417 607/1653/417
f 610/1654/418 608/1655/418 609/1656/418 611/1657/418
f 608/1658/419 604/1659/419 605/1660/419 609/1661/419
f 607/1662/420 606/1663/420 610/1664/420 611/1665/420
f 606/1666/421 604/1667/421 608/1668/421 610/1669/421
f 609/1670/422 605/1671/422 607/1672/422 611/1673/422
o mesh
v -1.578125 0.21875 -0.031249999999999972
v -1.796875 0.21875 -0.03125000000000003
v -1.578125 0.03125 -0.031249999999999972
v -1.796875 0.03125 -0.03125000000000003
v -1.578125 0.21875 0.40625
v -1.796875 0.21875 0.40625
v -1.578125 0.03125 0.40625
v -1.796875 0.03125 0.40625
vt 0.25 1
vt 0 1
vt 0 0.8125
vt 0.25 0.8125
vt 0.25 0.8125
vt 0.25 1
vt 0 1
vt 0 0.8125
vt 0 0.75
vt 0.25 0.75
vt 0.25 1
vt 0 1
vt 0.25 0.75
vt 0.25 1
vt 0 1
vt 0 0.75
vt 0.25 0.8125
vt 0.25 1
vt 0 1
vt 0 0.8125
vt 0.25 1
vt 0 1
vt 0 0.8125
vt 0.25 0.8125
vn 2.220446049250313e-16 0 -1
vn -2.220446049250313e-16 0 1
vn 0 1 0
vn 0 -1 0
vn 1 0 2.220446049250313e-16
vn -1 0 -2.220446049250313e-16
usemtl none
f 613/1674/423 612/1675/423 614/1676/423 615/1677/423
f 618/1678/424 616/1679/424 617/1680/424 619/1681/424
f 616/1682/425 612/1683/425 613/1684/425 617/1685/425
f 615/1686/426 614/1687/426 618/1688/426 619/1689/426
f 614/1690/427 612/1691/427 616/1692/427 618/1693/427
f 617/1694/428 613/1695/428 615/1696/428 619/1697/428
o mesh
v 0.125 0.15625 1.359375
v 0 0.15625 1.359375
v 0.125 0.03125 1.359375
v 0 0.03125 1.359375
v 0.125 0.15625 1.390625
v 0 0.15625 1.390625
v 0.125 0.03125 1.390625
v 0 0.03125 1.390625
vt 0.125 1
vt 0 1
vt 0 0.8125
vt 0.125 0.8125
vt 0.125 0.8125
vt 0.125 1
vt 0 1
vt 0 0.8125
vt 0 0.875
vt 0.125 0.875
vt 0.125 1
vt 0 1
vt 0.125 0.875
vt 0.125 1
vt 0 1
vt 0 0.875
vt 0.125 0.8125
vt 0.125 1
vt 0 1
vt 0 0.8125
vt 0.125 1
vt 0 1
vt 0 0.8125
vt 0.125 0.8125
vn 2.220446049250313e-16 0 -1
vn -2.220446049250313e-16 0 1
vn 0 1 0
vn 0 -1 0
vn 1 0 2.220446049250313e-16
vn -1 0 -2.220446049250313e-16
usemtl none
f 621/1698/429 620/1699/429 622/1700/429 623/1701/429
f 626/1702/430 624/1703/430 625/1704/430 627/1705/430
f 624/1706/431 620/1707/431 621/1708/431 625/1709/431
f 623/1710/432 622/1711/432 626/1712/432 627/1713/432
f 622/1714/433 620/1715/433 624/1716/433 626/1717/433
f 625/1718/434 621/1719/434 623/1720/434 627/1721/434
o mesh
v -0.796875 0.15625 0.625
v -0.796875 0.15625 0.5
v -0.796875 0.03125 0.625
v -0.796875 0.03125 0.5
v -0.828125 0.15625 0.625
v -0.828125 0.15625 0.5
v -0.828125 0.03125 0.625
v -0.828125 0.03125 0.5
vt 0.125 1
vt 0 1
vt 0 0.8125
vt 0.125 0.8125
vt 0.125 0.8125
vt 0.125 1
vt 0 1
vt 0 0.8125
vt 0 0.875
vt 0.125 0.875
vt 0.125 1
vt 0 1
vt 0.125 0.875
vt 0.125 1
vt 0 1
vt 0 0.875
vt 0.125 0.8125
vt 0.125 1
vt 0 1
vt 0 0.8125
vt 0.125 1
vt 0 1
vt 0 0.8125
vt 0.125 0.8125
vn 1 0 0
vn -1 0 0
vn 0 1 0
vn 0 -1 0
vn 0 0 1
vn 0 0 -1
usemtl none
f 629/1722/435 628/1723/435 630/1724/435 631/1725/435
f 634/1726/436 632/1727/436 633/1728/436 635/1729/436
f 632/1730/437 628/1731/437 629/1732/437 633/1733/437
f 631/1734/438 630/1735/438 634/1736/438 635/1737/438
f 630/1738/439 628/1739/439 632/1740/439 634/1741/439
f 633/1742/440 629/1743/440 631/1744/440 635/1745/440
o mesh
v 0.578125 0.15625 -0.25
v 0.578125 0.15625 -0.375
v 0.578125 0.03125 -0.25
v 0.578125 0.03125 -0.375
v 0.546875 0.15625 -0.25
v 0.546875 0.15625 -0.375
v 0.546875 0.03125 -0.25
v 0.546875 0.03125 -0.375
vt 0.125 1
vt 0 1
vt 0 0.8125
vt 0.125 0.8125
vt 0.125 0.8125
vt 0.125 1
vt 0 1
vt 0 0.8125
vt 0 0.875
vt 0.125 0.875
vt 0.125 1
vt 0 1
vt 0.125 0.875
vt 0.125 1
vt 0 1
vt 0 0.875
vt 0.125 0.8125
vt 0.125 1
vt 0 1
vt 0 0.8125
vt 0.125 1
vt 0 1
vt 0 0.8125
vt 0.125 0.8125
vn 1 0 0
vn -1 0 0
vn 0 1 0
vn 0 -1 0
vn 0 0 1
vn 0 0 -1
usemtl none
f 637/1746/441 636/1747/441 638/1748/441 639/1749/441
f 642/1750/442 640/1751/442 641/1752/442 643/1753/442
f 640/1754/443 636/1755/443 637/1756/443 641/1757/443
f 639/1758/444 638/1759/444 642/1760/444 643/1761/444
f 638/1762/445 636/1763/445 640/1764/445 642/1765/445
f 641/1766/446 637/1767/446 639/1768/446 643/1769/446
o mesh
v -1.25 0.15625 -0.640625
v -1.375 0.15625 -0.640625
v -1.25 0.03125 -0.640625
v -1.375 0.03125 -0.640625
v -1.25 0.15625 -0.609375
v -1.375 0.15625 -0.609375
v -1.25 0.03125 -0.609375
v -1.375 0.03125 -0.609375
vt 0.125 1
vt 0 1
vt 0 0.8125
vt 0.125 0.8125
vt 0.125 0.8125
vt 0.125 1
vt 0 1
vt 0 0.8125
vt 0 0.875
vt 0.125 0.875
vt 0.125 1
vt 0 1
vt 0.125 0.875
vt 0.125 1
vt 0 1
vt 0 0.875
vt 0.125 0.8125
vt 0.125 1
vt 0 1
vt 0 0.8125
vt 0.125 1
vt 0 1
vt 0 0.8125
vt 0.125 0.8125
vn 2.220446049250313e-16 0 -1
vn -2.220446049250313e-16 0 1
vn 0 1 0
vn 0 -1 0
vn 1 0 2.220446049250313e-16
vn -1 0 -2.220446049250313e-16
usemtl none
f 645/1770/447 644/1771/447 646/1772/447 647/1773/447
f 650/1774/448 648/1775/448 649/1776/448 651/1777/448
f 648/1778/449 644/1779/449 645/1780/449 649/1781/449
f 647/1782/450 646/1783/450 650/1784/450 651/1785/450
f 646/1786/451 644/1787/451 648/1788/451 650/1789/451
f 649/1790/452 645/1791/452 647/1792/452 651/1793/452
o mesh
v 0.1875 0.15625 -1.578125
v 0.0625 0.15625 -1.578125
v 0.1875 0.03125 -1.578125
v 0.0625 0.03125 -1.578125
v 0.1875 0.15625 -1.546875
v 0.0625 0.15625 -1.546875
v 0.1875 0.03125 -1.546875
v 0.0625 0.03125 -1.546875
vt 0.125 1
vt 0 1
vt 0 0.8125
vt 0.125 0.8125
vt 0.125 0.8125
vt 0.125 1
vt 0 1
vt 0 0.8125
vt 0 0.875
vt 0.125 0.875
vt 0.125 1
vt 0 1
vt 0.125 0.875
vt 0.125 1
vt 0 1
vt 0 0.875
vt 0.125 0.8125
vt 0.125 1
vt 0 1
vt 0 0.8125
vt 0.125 1
vt 0 1
vt 0 0.8125
vt 0.125 0.8125
vn 2.220446049250313e-16 0 -1
vn -2.220446049250313e-16 0 1
vn 0 1 0
vn 0 -1 0
vn 1 0 2.220446049250313e-16
vn -1 0 -2.220446049250313e-16
usemtl none
f 653/1794/453 652/1795/453 654/1796/453 655/1797/453
f 658/1798/454 656/1799/454 657/1800/454 659/1801/454
f 656/1802/455 652/1803/455 653/1804/455 657/1805/455
f 655/1806/456 654/1807/456 658/1808/456 659/1809/456
f 654/1810/457 652/1811/457 656/1812/457 658/1813/457
f 657/1814/458 653/1815/458 655/1816/458 659/1817/458
o Gate
v -0.015625 0.28125 -1.546875
v -0.015625 0.28125 -1.578125
v -0.015625 -0.03125 -1.546875
v -0.015625 -0.03125 -1.578125
v -0.296875 0.28125 -1.546875
v -0.296875 0.28125 -1.578125
v -0.296875 -0.03125 -1.546875
v -0.296875 -0.03125 -1.578125
vt 0.375 1
vt 0 1
vt 0 0.5
vt 0.375 0.5
vt 0.375 0.5
vt 0.375 1
vt 0 1
vt 0 0.5
vt 0 0.625
vt 0.375 0.625
vt 0.375 1
vt 0 1
vt 0.375 0.625
vt 0.375 1
vt 0 1
vt 0 0.625
vt 0.375 0.5
vt 0.375 1
vt 0 1
vt 0 0.5
vt 0.375 1
vt 0 1
vt 0 0.5
vt 0.375 0.5
vn 1 0 0
vn -1 0 0
vn 0 1 0
vn 0 -1 0
vn 0 0 1
vn 0 0 -1
usemtl none
f 661/1818/459 660/1819/459 662/1820/459 663/1821/459
f 666/1822/460 664/1823/460 665/1824/460 667/1825/460
f 664/1826/461 660/1827/461 661/1828/461 665/1829/461
f 663/1830/462 662/1831/462 666/1832/462 667/1833/462
f 662/1834/463 660/1835/463 664/1836/463 666/1837/463
f 665/1838/464 661/1839/464 663/1840/464 667/1841/464
o plane
v 1.3125 0 -1.5625
v 1.3125 0 -2.8125
v -1.3125 0 -1.5625
v -1.3125 0 -2.8125
vt 0.375 0.625
vt 0.375 1
vt 0 1
vt 0 0.625
vn 0 1 0
usemtl none
f 668/1842/465 669/1843/465 671/1844/465 670/1845/465
o cube
v 0.375 0.375 -1.5625
v 0.375 0.375 -1.9375
v 0.375 0 -1.5625
v 0.375 0 -1.9375
v 0 0.375 -1.9375
v 0 0.375 -1.5625
v 0 0 -1.9375
v 0 0 -1.5625
vt 0 1
vt 0.375 1
vt 0.375 0.625
vt 0 0.625
vt 0.125 1
vt 0.5 1
vt 0.5 0.625
vt 0.125 0.625
vt 0 1
vt 0.375 1
vt 0.375 0.625
vt 0 0.625
vt 0 1
vt 0.375 1
vt 0.375 0.625
vt 0 0.625
vt 0 1
vt 0.375 1
vt 0.375 0.625
vt 0 0.625
vt 0 0.875
vt 0.375 0.875
vt 0.375 0.5
vt 0 0.5
vn 0 0 -1
vn 1 0 0
vn 0 0 1
vn -1 0 0
vn 0 1 0
vn 0 -1 0
usemtl none
f 675/1849/466 678/1848/466 676/1847/466 673/1846/466
f 674/1853/467 675/1852/467 673/1851/467 672/1850/467
f 679/1857/468 674/1856/468 672/1855/468 677/1854/468
f 678/1861/469 679/1860/469 677/1859/469 676/1858/469
f 677/1865/470 672/1864/470 673/1863/470 676/1862/470
f 678/1869/471 675/1868/471 674/1867/471 679/1866/471
o cube
v -0.3125 0.375 -1.5625
v -0.3125 0.375 -1.9375
v -0.3125 0 -1.5625
v -0.3125 0 -1.9375
v -0.6875 0.375 -1.9375
v -0.6875 0.375 -1.5625
v -0.6875 0 -1.9375
v -0.6875 0 -1.5625
vt 0 1
vt 0.375 1
vt 0.375 0.625
vt 0 0.625
vt 0.125 1
vt 0.5 1
vt 0.5 0.625
vt 0.125 0.625
vt 0 1
vt 0.375 1
vt 0.375 0.625
vt 0 0.625
vt 0 1
vt 0.375 1
vt 0.375 0.625
vt 0 0.625
vt 0 1
vt 0.375 1
vt 0.375 0.625
vt 0 0.625
vt 0 0.875
vt 0.375 0.875
vt 0.375 0.5
vt 0 0.5
vn 0 0 -1
vn 1 0 0
vn 0 0 1
vn -1 0 0
vn 0 1 0
vn 0 -1 0
usemtl none
f 683/1873/472 686/1872/472 684/1871/472 681/1870/472
f 682/1877/473 683/1876/473 681/1875/473 680/1874/473
f 687/1881/474 682/1880/474 680/1879/474 685/1878/474
f 686/1885/475 687/1884/475 685/1883/475 684/1882/475
f 685/1889/476 680/1888/476 681/1887/476 684/1886/476
f 686/1893/477 683/1892/477 682/1891/477 687/1890/477
o cube
v -0.6875 0.375 -1.5625
v -0.6875 0.375 -1.9375
v -0.6875 0 -1.5625
v -0.6875 0 -1.9375
v -1.25 0.375 -1.9375
v -1.25 0.375 -1.5625
v -1.25 0 -1.9375
v -1.25 0 -1.5625
vt 0 1
vt 0.5625 1
vt 0.5625 0.625
vt 0 0.625
vt 0.125 1
vt 0.5 1
vt 0.5 0.625
vt 0.125 0.625
vt 0 1
vt 0.5625 1
vt 0.5625 0.625
vt 0 0.625
vt 0 1
vt 0.375 1
vt 0.375 0.625
vt 0 0.625
vt 0 1
vt 0.5625 1
vt 0.5625 0.625
vt 0 0.625
vt 0 0.875
vt 0.5625 0.875
vt 0.5625 0.5
vt 0 0.5
vn 0 0 -1
vn 1 0 0
vn 0 0 1
vn -1 0 0
vn 0 1 0
vn 0 -1 0
usemtl none
f 691/1897/478 694/1896/478 692/1895/478 689/1894/478
f 690/1901/479 691/1900/479 689/1899/479 688/1898/479
f 695/1905/480 690/1904/480 688/1903/480 693/1902/480
f 694/1909/481 695/1908/481 693/1907/481 692/1906/481
f 693/1913/482 688/1912/482 689/1911/482 692/1910/482
f 694/1917/483 691/1916/483 690/1915/483 695/1914/483
o cube
v 1 0.375 -1.5625
v 1 0.375 -1.9375
v 1 0 -1.5625
v 1 0 -1.9375
v 0.5 0.375 -1.9375
v 0.5 0.375 -1.5625
v 0.5 0 -1.9375
v 0.5 0 -1.5625
vt 0 1
vt 0.5 1
vt 0.5 0.625
vt 0 0.625
vt 0.125 1
vt 0.5 1
vt 0.5 0.625
vt 0.125 0.625
vt 0 1
vt 0.5 1
vt 0.5 0.625
vt 0 0.625
vt 0 1
vt 0.375 1
vt 0.375 0.625
vt 0 0.625
vt 0 1
vt 0.5 1
vt 0.5 0.625
vt 0 0.625
vt 0 0.875
vt 0.5 0.875
vt 0.5 0.5
vt 0 0.5
vn 0 0 -1
vn 1 0 0
vn 0 0 1
vn -1 0 0
vn 0 1 0
vn 0 -1 0
usemtl none
f 699/1921/484 702/1920/484 700/1919/484 697/1918/484
f 698/1925/485 699/1924/485 697/1923/485 696/1922/485
f 703/1929/486 698/1928/486 696/1927/486 701/1926/486
f 702/1933/487 703/1932/487 701/1931/487 700/1930/487
f 701/1937/488 696/1936/488 697/1935/488 700/1934/488
f 702/1941/489 699/1940/489 698/1939/489 703/1938/489
o cube
v 1.25 0.375 -1.5625
v 1.25 0.375 -1.9375
v 1.25 0 -1.5625
v 1.25 0 -1.9375
v 1 0.375 -1.9375
v 1 0.375 -1.5625
v 1 0 -1.9375
v 1 0 -1.5625
vt 0 1
vt 0.25 1
vt 0.25 0.625
vt 0 0.625
vt 0.125 1
vt 0.5 1
vt 0.5 0.625
vt 0.125 0.625
vt 0.25 1
vt 0.5 1
vt 0.5 0.625
vt 0.25 0.625
vt 0 1
vt 0.375 1
vt 0.375 0.625
vt 0 0.625
vt 0.25 1
vt 0.5 1
vt 0.5 0.625
vt 0.25 0.625
vt 0.25 0.875
vt 0.5 0.875
vt 0.5 0.5
vt 0.25 0.5
vn 0 0 -1
vn 1 0 0
vn 0 0 1
vn -1 0 0
vn 0 1 0
vn 0 -1 0
usemtl none
f 707/1945/490 710/1944/490 708/1943/490 705/1942/490
f 706/1949/491 707/1948/491 705/1947/491 704/1946/491
f 711/1953/492 706/1952/492 704/1951/492 709/1950/492
f 710/1957/493 711/1956/493 709/1955/493 708/1954/493
f 709/1961/494 704/1960/494 705/1959/494 708/1958/494
f 710/1965/495 707/1964/495 706/1963/495 711/1962/495
o cube
v 0.375 0.375 -2.4375
v 0.375 0.375 -2.8125
v 0.375 0 -2.4375
v 0.375 0 -2.8125
v 0 0.375 -2.8125
v 0 0.375 -2.4375
v 0 0 -2.8125
v 0 0 -2.4375
vt 0 1
vt 0.375 1
vt 0.375 0.625
vt 0 0.625
vt 0.125 1
vt 0.5 1
vt 0.5 0.625
vt 0.125 0.625
vt 0 1
vt 0.375 1
vt 0.375 0.625
vt 0 0.625
vt 0 1
vt 0.375 1
vt 0.375 0.625
vt 0 0.625
vt 0 1
vt 0.375 1
vt 0.375 0.625
vt 0 0.625
vt 0 0.875
vt 0.375 0.875
vt 0.375 0.5
vt 0 0.5
vn 0 0 -1
vn 1 0 0
vn 0 0 1
vn -1 0 0
vn 0 1 0
vn 0 -1 0
usemtl none
f 715/1969/496 718/1968/496 716/1967/496 713/1966/496
f 714/1973/497 715/1972/497 713/1971/497 712/1970/497
f 719/1977/498 714/1976/498 712/1975/498 717/1974/498
f 718/1981/499 719/1980/499 717/1979/499 716/1978/499
f 717/1985/500 712/1984/500 713/1983/500 716/1982/500
f 718/1989/501 715/1988/501 714/1987/501 719/1986/501
o cube
v 0 0.375 -2.4375
v 0 0.375 -2.8125
v 0 0 -2.4375
v 0 0 -2.8125
v -0.6875 0.375 -2.8125
v -0.6875 0.375 -2.4375
v -0.6875 0 -2.8125
v -0.6875 0 -2.4375
vt 0 1
vt 0.6875 1
vt 0.6875 0.625
vt 0 0.625
vt 0.125 1
vt 0.5 1
vt 0.5 0.625
vt 0.125 0.625
vt 0 1
vt 0.6875 1
vt 0.6875 0.625
vt 0 0.625
vt 0 1
vt 0.375 1
vt 0.375 0.625
vt 0 0.625
vt 0 1
vt 0.6875 1
vt 0.6875 0.625
vt 0 0.625
vt 0 0.875
vt 0.6875 0.875
vt 0.6875 0.5
vt 0 0.5
vn 0 0 -1
vn 1 0 0
vn 0 0 1
vn -1 0 0
vn 0 1 0
vn 0 -1 0
usemtl none
f 723/1993/502 726/1992/502 724/1991/502 721/1990/502
f 722/1997/503 723/1996/503 721/1995/503 720/1994/503
f 727/2001/504 722/2000/504 720/1999/504 725/1998/504
f 726/2005/505 727/2004/505 725/2003/505 724/2002/505
f 725/2009/506 720/2008/506 721/2007/506 724/2006/506
f 726/2013/507 723/2012/507 722/2011/507 727/2010/507
o cube
v -0.6875 0.375 -2.4375
v -0.6875 0.375 -2.8125
v -0.6875 0 -2.4375
v -0.6875 0 -2.8125
v -1.25 0.375 -2.8125
v -1.25 0.375 -2.4375
v -1.25 0 -2.8125
v -1.25 0 -2.4375
vt 0 1
vt 0.5625 1
vt 0.5625 0.625
vt 0 0.625
vt 0.125 1
vt 0.5 1
vt 0.5 0.625
vt 0.125 0.625
vt 0 1
vt 0.5625 1
vt 0.5625 0.625
vt 0 0.625
vt 0 1
vt 0.375 1
vt 0.375 0.625
vt 0 0.625
vt 0 1
vt 0.5625 1
vt 0.5625 0.625
vt 0 0.625
vt 0 0.875
vt 0.5625 0.875
vt 0.5625 0.5
vt 0 0.5
vn 0 0 -1
vn 1 0 0
vn 0 0 1
vn -1 0 0
vn 0 1 0
vn 0 -1 0
usemtl none
f 731/2017/508 734/2016/508 732/2015/508 729/2014/508
f 730/2021/509 731/2020/509 729/2019/509 728/2018/509
f 735/2025/510 730/2024/510 728/2023/510 733/2022/510
f 734/2029/511 735/2028/511 733/2027/511 732/2026/511
f 733/2033/512 728/2032/512 729/2031/512 732/2030/512
f 734/2037/513 731/2036/513 730/2035/513 735/2034/513
o cube
v 1 0.375 -2.4375
v 1 0.375 -2.8125
v 1 0 -2.4375
v 1 0 -2.8125
v 0.375 0.375 -2.8125
v 0.375 0.375 -2.4375
v 0.375 0 -2.8125
v 0.375 0 -2.4375
vt 0 1
vt 0.625 1
vt 0.625 0.625
vt 0 0.625
vt 0.125 1
vt 0.5 1
vt 0.5 0.625
vt 0.125 0.625
vt 0 1
vt 0.625 1
vt 0.625 0.625
vt 0 0.625
vt 0 1
vt 0.375 1
vt 0.375 0.625
vt 0 0.625
vt 0 1
vt 0.625 1
vt 0.625 0.625
vt 0 0.625
vt 0 0.875
vt 0.625 0.875
vt 0.625 0.5
vt 0 0.5
vn 0 0 -1
vn 1 0 0
vn 0 0 1
vn -1 0 0
vn 0 1 0
vn 0 -1 0
usemtl none
f 739/2041/514 742/2040/514 740/2039/514 737/2038/514
f 738/2045/515 739/2044/515 737/2043/515 736/2042/515
f 743/2049/516 738/2048/516 736/2047/516 741/2046/516
f 742/2053/517 743/2052/517 741/2051/517 740/2050/517
f 741/2057/518 736/2056/518 737/2055/518 740/2054/518
f 742/2061/519 739/2060/519 738/2059/519 743/2058/519
o cube
v 1.25 0.375 -2.4375
v 1.25 0.375 -2.8125
v 1.25 0 -2.4375
v 1.25 0 -2.8125
v 1 0.375 -2.8125
v 1 0.375 -2.4375
v 1 0 -2.8125
v 1 0 -2.4375
vt 0 1
vt 0.25 1
vt 0.25 0.625
vt 0 0.625
vt 0.125 1
vt 0.5 1
vt 0.5 0.625
vt 0.125 0.625
vt 0.25 1
vt 0.5 1
vt 0.5 0.625
vt 0.25 0.625
vt 0 1
vt 0.375 1
vt 0.375 0.625
vt 0 0.625
vt 0.25 1
vt 0.5 1
vt 0.5 0.625
vt 0.25 0.625
vt 0.25 0.875
vt 0.5 0.875
vt 0.5 0.5
vt 0.25 0.5
vn 0 0 -1
vn 1 0 0
vn 0 0 1
vn -1 0 0
vn 0 1 0
vn 0 -1 0
usemtl none
f 747/2065/520 750/2064/520 748/2063/520 745/2062/520
f 746/2069/521 747/2068/521 745/2067/521 744/2066/521
f 751/2073/522 746/2072/522 744/2071/522 749/2070/522
f 750/2077/523 751/2076/523 749/2075/523 748/2074/523
f 749/2081/524 744/2080/524 745/2079/524 748/2078/524
f 750/2085/525 747/2084/525 746/2083/525 751/2082/525
o PlayerSize
v 0.3125 0.0625 1.90625
v 0.3125 0.0625 1.84375
v 0.3125 0 1.90625
v 0.3125 0 1.84375
v 0.25 0.0625 1.90625
v 0.25 0.0625 1.84375
v 0.25 0 1.90625
v 0.25 0 1.84375
vt 0.0625 1
vt 0 1
vt 0 0.9375
vt 0.0625 0.9375
vt 0.0625 0.9375
vt 0.0625 1
vt 0 1
vt 0 0.9375
vt 0 0.9375
vt 0.0625 0.9375
vt 0.0625 1
vt 0 1
vt 0.0625 0.9375
vt 0.0625 1
vt 0 1
vt 0 0.9375
vt 0.0625 0.9375
vt 0.0625 1
vt 0 1
vt 0 0.9375
vt 0.0625 1
vt 0 1
vt 0 0.9375
vt 0.0625 0.9375
vn 1 0 0
vn -1 0 0
vn 0 1 0
vn 0 -1 0
vn 0 0 1
vn 0 0 -1
usemtl none
f 753/2086/526 752/2087/526 754/2088/526 755/2089/526
f 758/2090/527 756/2091/527 757/2092/527 759/2093/527
f 756/2094/528 752/2095/528 753/2096/528 757/2097/528
f 755/2098/529 754/2099/529 758/2100/529 759/2101/529
f 754/2102/530 752/2103/530 756/2104/530 758/2105/530
f 757/2106/531 753/2107/531 755/2108/531 759/2109/531
o Enemy
v -0.9375 0.09375 2.65625
v -0.9375 0.09375 2.59375
v -0.9375 0.03125 2.65625
v -0.9375 0.03125 2.59375
v -1 0.09375 2.65625
v -1 0.09375 2.59375
v -1 0.03125 2.65625
v -1 0.03125 2.59375
vt 0.0625 1
vt 0 1
vt 0 0.9375
vt 0.0625 0.9375
vt 0.0625 0.9375
vt 0.0625 1
vt 0 1
vt 0 0.9375
vt 0 0.9375
vt 0.0625 0.9375
vt 0.0625 1
vt 0 1
vt 0.0625 0.9375
vt 0.0625 1
vt 0 1
vt 0 0.9375
vt 0.0625 0.9375
vt 0.0625 1
vt 0 1
vt 0 0.9375
vt 0.0625 1
vt 0 1
vt 0 0.9375
vt 0.0625 0.9375
vn 1 0 0
vn -1 0 0
vn 0 1 0
vn 0 -1 0
vn 0 0 1
vn 0 0 -1
usemtl none
f 761/2110/532 760/2111/532 762/2112/532 763/2113/532
f 766/2114/533 764/2115/533 765/2116/533 767/2117/533
f 764/2118/534 760/2119/534 761/2120/534 765/2121/534
f 763/2122/535 762/2123/535 766/2124/535 767/2125/535
f 762/2126/536 760/2127/536 764/2128/536 766/2129/536
f 765/2130/537 761/2131/537 763/2132/537 767/2133/537
o Enemy
v -0.28125 0.0625 1.84375
v -0.28125 0.0625 1.78125
v -0.28125 0 1.84375
v -0.28125 0 1.78125
v -0.34375 0.0625 1.84375
v -0.34375 0.0625 1.78125
v -0.34375 0 1.84375
v -0.34375 0 1.78125
vt 0.0625 1
vt 0 1
vt 0 0.9375
vt 0.0625 0.9375
vt 0.0625 0.9375
vt 0.0625 1
vt 0 1
vt 0 0.9375
vt 0 0.9375
vt 0.0625 0.9375
vt 0.0625 1
vt 0 1
vt 0.0625 0.9375
vt 0.0625 1
vt 0 1
vt 0 0.9375
vt 0.0625 0.9375
vt 0.0625 1
vt 0 1
vt 0 0.9375
vt 0.0625 1
vt 0 1
vt 0 0.9375
vt 0.0625 0.9375
vn 1 0 0
vn -1 0 0
vn 0 1 0
vn 0 -1 0
vn 0 0 1
vn 0 0 -1
usemtl none
f 769/2134/538 768/2135/538 770/2136/538 771/2137/538
f 774/2138/539 772/2139/539 773/2140/539 775/2141/539
f 772/2142/540 768/2143/540 769/2144/540 773/2145/540
f 771/2146/541 770/2147/541 774/2148/541 775/2149/541
f 770/2150/542 768/2151/542 772/2152/542 774/2153/542
f 773/2154/543 769/2155/543 771/2156/543 775/2157/543
o Enemy
v 0.03125 0.0625 1.84375
v 0.03125 0.0625 1.78125
v 0.03125 0 1.84375
v 0.03125 0 1.78125
v -0.03125 0.0625 1.84375
v -0.03125 0.0625 1.78125
v -0.03125 0 1.84375
v -0.03125 0 1.78125
vt 0.0625 1
vt 0 1
vt 0 0.9375
vt 0.0625 0.9375
vt 0.0625 0.9375
vt 0.0625 1
vt 0 1
vt 0 0.9375
vt 0 0.9375
vt 0.0625 0.9375
vt 0.0625 1
vt 0 1
vt 0.0625 0.9375
vt 0.0625 1
vt 0 1
vt 0 0.9375
vt 0.0625 0.9375
vt 0.0625 1
vt 0 1
vt 0 0.9375
vt 0.0625 1
vt 0 1
vt 0 0.9375
vt 0.0625 0.9375
vn 1 0 0
vn -1 0 0
vn 0 1 0
vn 0 -1 0
vn 0 0 1
vn 0 0 -1
usemtl none
f 777/2158/544 776/2159/544 778/2160/544 779/2161/544
f 782/2162/545 780/2163/545 781/2164/545 783/2165/545
f 780/2166/546 776/2167/546 777/2168/546 781/2169/546
f 779/2170/547 778/2171/547 782/2172/547 783/2173/547
f 778/2174/548 776/2175/548 780/2176/548 782/2177/548
f 781/2178/549 777/2179/549 779/2180/549 783/2181/549
o Enemy
v -0.71875 0.0625 0.90625
v -0.71875 0.0625 0.84375
v -0.71875 0 0.90625
v -0.71875 0 0.84375
v -0.78125 0.0625 0.90625
v -0.78125 0.0625 0.84375
v -0.78125 0 0.90625
v -0.78125 0 0.84375
vt 0.0625 1
vt 0 1
vt 0 0.9375
vt 0.0625 0.9375
vt 0.0625 0.9375
vt 0.0625 1
vt 0 1
vt 0 0.9375
vt 0 0.9375
vt 0.0625 0.9375
vt 0.0625 1
vt 0 1
vt 0.0625 0.9375
vt 0.0625 1
vt 0 1
vt 0 0.9375
vt 0.0625 0.9375
vt 0.0625 1
vt 0 1
vt 0 0.9375
vt 0.0625 1
vt 0 1
vt 0 0.9375
vt 0.0625 0.9375
vn 1 0 0
vn -1 0 0
vn 0 1 0
vn 0 -1 0
vn 0 0 1
vn 0 0 -1
usemtl none
f 785/2182/550 784/2183/550 786/2184/550 787/2185/550
f 790/2186/551 788/2187/551 789/2188/551 791/2189/551
f 788/2190/552 784/2191/552 785/2192/552 789/2193/552
f 787/2194/553 786/2195/553 790/2196/553 791/2197/553
f 786/2198/554 784/2199/554 788/2200/554 790/2201/554
f 789/2202/555 785/2203/555 787/2204/555 791/2205/555
o Enemy
v -0.71875 0.0625 0.78125
v -0.71875 0.0625 0.71875
v -0.71875 0 0.78125
v -0.71875 0 0.71875
v -0.78125 0.0625 0.78125
v -0.78125 0.0625 0.71875
v -0.78125 0 0.78125
v -0.78125 0 0.71875
vt 0.0625 1
vt 0 1
vt 0 0.9375
vt 0.0625 0.9375
vt 0.0625 0.9375
vt 0.0625 1
vt 0 1
vt 0 0.9375
vt 0 0.9375
vt 0.0625 0.9375
vt 0.0625 1
vt 0 1
vt 0.0625 0.9375
vt 0.0625 1
vt 0 1
vt 0 0.9375
vt 0.0625 0.9375
vt 0.0625 1
vt 0 1
vt 0 0.9375
vt 0.0625 1
vt 0 1
vt 0 0.9375
vt 0.0625 0.9375
vn 1 0 0
vn -1 0 0
vn 0 1 0
vn 0 -1 0
vn 0 0 1
vn 0 0 -1
usemtl none
f 793/2206/556 792/2207/556 794/2208/556 795/2209/556
f 798/2210/557 796/2211/557 797/2212/557 799/2213/557
f 796/2214/558 792/2215/558 793/2216/558 797/2217/558
f 795/2218/559 794/2219/559 798/2220/559 799/2221/559
f 794/2222/560 792/2223/560 796/2224/560 798/2225/560
f 797/2226/561 793/2227/561 795/2228/561 799/2229/561
o Enemy
v -0.84375 0.0625 -0.53125
v -0.84375 0.0625 -0.59375
v -0.84375 0 -0.53125
v -0.84375 0 -0.59375
v -0.90625 0.0625 -0.53125
v -0.90625 0.0625 -0.59375
v -0.90625 0 -0.53125
v -0.90625 0 -0.59375
vt 0.0625 1
vt 0 1
vt 0 0.9375
vt 0.0625 0.9375
vt 0.0625 0.9375
vt 0.0625 1
vt 0 1
vt 0 0.9375
vt 0 0.9375
vt 0.0625 0.9375
vt 0.0625 1
vt 0 1
vt 0.0625 0.9375
vt 0.0625 1
vt 0 1
vt 0 0.9375
vt 0.0625 0.9375
vt 0.0625 1
vt 0 1
vt 0 0.9375
vt 0.0625 1
vt 0 1
vt 0 0.9375
vt 0.0625 0.9375
vn 1 0 0
vn -1 0 0
vn 0 1 0
vn 0 -1 0
vn 0 0 1
vn 0 0 -1
usemtl none
f 801/2230/562 800/2231/562 802/2232/562 803/2233/562
f 806/2234/563 804/2235/563 805/2236/563 807/2237/563
f 804/2238/564 800/2239/564 801/2240/564 805/2241/564
f 803/2242/565 802/2243/565 806/2244/565 807/2245/565
f 802/2246/566 800/2247/566 804/2248/566 806/2249/566
f 805/2250/567 801/2251/567 803/2252/567 807/2253/567
o Enemy
v 0.90625 0.0625 -0.53125
v 0.90625 0.0625 -0.59375
v 0.90625 0 -0.53125
v 0.90625 0 -0.59375
v 0.84375 0.0625 -0.53125
v 0.84375 0.0625 -0.59375
v 0.84375 0 -0.53125
v 0.84375 0 -0.59375
vt 0.0625 1
vt 0 1
vt 0 0.9375
vt 0.0625 0.9375
vt 0.0625 0.9375
vt 0.0625 1
vt 0 1
vt 0 0.9375
vt 0 0.9375
vt 0.0625 0.9375
vt 0.0625 1
vt 0 1
vt 0.0625 0.9375
vt 0.0625 1
vt 0 1
vt 0 0.9375
vt 0.0625 0.9375
vt 0.0625 1
vt 0 1
vt 0 0.9375
vt 0.0625 1
vt 0 1
vt 0 0.9375
vt 0.0625 0.9375
vn 1 0 0
vn -1 0 0
vn 0 1 0
vn 0 -1 0
vn 0 0 1
vn 0 0 -1
usemtl none
f 809/2254/568 808/2255/568 810/2256/568 811/2257/568
f 814/2258/569 812/2259/569 813/2260/569 815/2261/569
f 812/2262/570 808/2263/570 809/2264/570 813/2265/570
f 811/2266/571 810/2267/571 814/2268/571 815/2269/571
f 810/2270/572 808/2271/572 812/2272/572 814/2273/572
f 813/2274/573 809/2275/573 811/2276/573 815/2277/573
o Enemy
v 0.90625 0.0625 -0.40625
v 0.90625 0.0625 -0.46875
v 0.90625 0 -0.40625
v 0.90625 0 -0.46875
v 0.84375 0.0625 -0.40625
v 0.84375 0.0625 -0.46875
v 0.84375 0 -0.40625
v 0.84375 0 -0.46875
vt 0.0625 1
vt 0 1
vt 0 0.9375
vt 0.0625 0.9375
vt 0.0625 0.9375
vt 0.0625 1
vt 0 1
vt 0 0.9375
vt 0 0.9375
vt 0.0625 0.9375
vt 0.0625 1
vt 0 1
vt 0.0625 0.9375
vt 0.0625 1
vt 0 1
vt 0 0.9375
vt 0.0625 0.9375
vt 0.0625 1
vt 0 1
vt 0 0.9375
vt 0.0625 1
vt 0 1
vt 0 0.9375
vt 0.0625 0.9375
vn 1 0 0
vn -1 0 0
vn 0 1 0
vn 0 -1 0
vn 0 0 1
vn 0 0 -1
usemtl none
f 817/2278/574 816/2279/574 818/2280/574 819/2281/574
f 822/2282/575 820/2283/575 821/2284/575 823/2285/575
f 820/2286/576 816/2287/576 817/2288/576 821/2289/576
f 819/2290/577 818/2291/577 822/2292/577 823/2293/577
f 818/2294/578 816/2295/578 820/2296/578 822/2297/578
f 821/2298/579 817/2299/579 819/2300/579 823/2301/579
o Enemy
v 0.34375 0.0625 0.46875
v 0.34375 0.0625 0.40625
v 0.34375 0 0.46875
v 0.34375 0 0.40625
v 0.28125 0.0625 0.46875
v 0.28125 0.0625 0.40625
v 0.28125 0 0.46875
v 0.28125 0 0.40625
vt 0.0625 1
vt 0 1
vt 0 0.9375
vt 0.0625 0.9375
vt 0.0625 0.9375
vt 0.0625 1
vt 0 1
vt 0 0.9375
vt 0 0.9375
vt 0.0625 0.9375
vt 0.0625 1
vt 0 1
vt 0.0625 0.9375
vt 0.0625 1
vt 0 1
vt 0 0.9375
vt 0.0625 0.9375
vt 0.0625 1
vt 0 1
vt 0 0.9375
vt 0.0625 1
vt 0 1
vt 0 0.9375
vt 0.0625 0.9375
vn 1 0 0
vn -1 0 0
vn 0 1 0
vn 0 -1 0
vn 0 0 1
vn 0 0 -1
usemtl none
f 825/2302/580 824/2303/580 826/2304/580 827/2305/580
f 830/2306/581 828/2307/581 829/2308/581 831/2309/581
f 828/2310/582 824/2311/582 825/2312/582 829/2313/582
f 827/2314/583 826/2315/583 830/2316/583 831/2317/583
f 826/2318/584 824/2319/584 828/2320/584 830/2321/584
f 829/2322/585 825/2323/585 827/2324/585 831/2325/585
o Enemy
v 0.59375 0.0625 0.46875
v 0.59375 0.0625 0.40625
v 0.59375 0 0.46875
v 0.59375 0 0.40625
v 0.53125 0.0625 0.46875
v 0.53125 0.0625 0.40625
v 0.53125 0 0.46875
v 0.53125 0 0.40625
vt 0.0625 1
vt 0 1
vt 0 0.9375
vt 0.0625 0.9375
vt 0.0625 0.9375
vt 0.0625 1
vt 0 1
vt 0 0.9375
vt 0 0.9375
vt 0.0625 0.9375
vt 0.0625 1
vt 0 1
vt 0.0625 0.9375
vt 0.0625 1
vt 0 1
vt 0 0.9375
vt 0.0625 0.9375
vt 0.0625 1
vt 0 1
vt 0 0.9375
vt 0.0625 1
vt 0 1
vt 0 0.9375
vt 0.0625 0.9375
vn 1 0 0
vn -1 0 0
vn 0 1 0
vn 0 -1 0
vn 0 0 1
vn 0 0 -1
usemtl none
f 833/2326/586 832/2327/586 834/2328/586 835/2329/586
f 838/2330/587 836/2331/587 837/2332/587 839/2333/587
f 836/2334/588 832/2335/588 833/2336/588 837/2337/588
f 835/2338/589 834/2339/589 838/2340/589 839/2341/589
f 834/2342/590 832/2343/590 836/2344/590 838/2345/590
f 837/2346/591 833/2347/591 835/2348/591 839/2349/591
o Enemy
v -0.71875 0.0625 -0.65625
v -0.71875 0.0625 -0.71875
v -0.71875 0 -0.65625
v -0.71875 0 -0.71875
v -0.78125 0.0625 -0.65625
v -0.78125 0.0625 -0.71875
v -0.78125 0 -0.65625
v -0.78125 0 -0.71875
vt 0.0625 1
vt 0 1
vt 0 0.9375
vt 0.0625 0.9375
vt 0.0625 0.9375
vt 0.0625 1
vt 0 1
vt 0 0.9375
vt 0 0.9375
vt 0.0625 0.9375
vt 0.0625 1
vt 0 1
vt 0.0625 0.9375
vt 0.0625 1
vt 0 1
vt 0 0.9375
vt 0.0625 0.9375
vt 0.0625 1
vt 0 1
vt 0 0.9375
vt 0.0625 1
vt 0 1
vt 0 0.9375
vt 0.0625 0.9375
vn 1 0 0
vn -1 0 0
vn 0 1 0
vn 0 -1 0
vn 0 0 1
vn 0 0 -1
usemtl none
f 841/2350/592 840/2351/592 842/2352/592 843/2353/592
f 846/2354/593 844/2355/593 845/2356/593 847/2357/593
f 844/2358/594 840/2359/594 841/2360/594 845/2361/594
f 843/2362/595 842/2363/595 846/2364/595 847/2365/595
f 842/2366/596 840/2367/596 844/2368/596 846/2369/596
f 845/2370/597 841/2371/597 843/2372/597 847/2373/597
o Enemy
v -0.21875 0.0625 -1.96875
v -0.21875 0.0625 -2.03125
v -0.21875 0 -1.96875
v -0.21875 0 -2.03125
v -0.28125 0.0625 -1.96875
v -0.28125 0.0625 -2.03125
v -0.28125 0 -1.96875
v -0.28125 0 -2.03125
vt 0.0625 1
vt 0 1
vt 0 0.9375
vt 0.0625 0.9375
vt 0.0625 0.9375
vt 0.0625 1
vt 0 1
vt 0 0.9375
vt 0 0.9375
vt 0.0625 0.9375
vt 0.0625 1
vt 0 1
vt 0.0625 0.9375
vt 0.0625 1
vt 0 1
vt 0 0.9375
vt 0.0625 0.9375
vt 0.0625 1
vt 0 1
vt 0 0.9375
vt 0.0625 1
vt 0 1
vt 0 0.9375
vt 0.0625 0.9375
vn 1 0 0
vn -1 0 0
vn 0 1 0
vn 0 -1 0
vn 0 0 1
vn 0 0 -1
usemtl none
f 849/2374/598 848/2375/598 850/2376/598 851/2377/598
f 854/2378/599 852/2379/599 853/2380/599 855/2381/599
f 852/2382/600 848/2383/600 849/2384/600 853/2385/600
f 851/2386/601 850/2387/601 854/2388/601 855/2389/601
f 850/2390/602 848/2391/602 852/2392/602 854/2393/602
f 853/2394/603 849/2395/603 851/2396/603 855/2397/603
o Enemy
v -1.03125 0.0625 -2.03125
v -1.03125 0.0625 -2.09375
v -1.03125 0 -2.03125
v -1.03125 0 -2.09375
v -1.09375 0.0625 -2.03125
v -1.09375 0.0625 -2.09375
v -1.09375 0 -2.03125
v -1.09375 0 -2.09375
vt 0.0625 1
vt 0 1
vt 0 0.9375
vt 0.0625 0.9375
vt 0.0625 0.9375
vt 0.0625 1
vt 0 1
vt 0 0.9375
vt 0 0.9375
vt 0.0625 0.9375
vt 0.0625 1
vt 0 1
vt 0.0625 0.9375
vt 0.0625 1
vt 0 1
vt 0 0.9375
vt 0.0625 0.9375
vt 0.0625 1
vt 0 1
vt 0 0.9375
vt 0.0625 1
vt 0 1
vt 0 0.9375
vt 0.0625 0.9375
vn 1 0 0
vn -1 0 0
vn 0 1 0
vn 0 -1 0
vn 0 0 1
vn 0 0 -1
usemtl none
f 857/2398/604 856/2399/604 858/2400/604 859/2401/604
f 862/2402/605 860/2403/605 861/2404/605 863/2405/605
f 860/2406/606 856/2407/606 857/2408/606 861/2409/606
f 859/2410/607 858/2411/607 862/2412/607 863/2413/607
f 858/2414/608 856/2415/608 860/2416/608 862/2417/608
f 861/2418/609 857/2419/609 859/2420/609 863/2421/609
o Enemy
v -0.84375 0.0625 -2.34375
v -0.84375 0.0625 -2.40625
v -0.84375 0 -2.34375
v -0.84375 0 -2.40625
v -0.90625 0.0625 -2.34375
v -0.90625 0.0625 -2.40625
v -0.90625 0 -2.34375
v -0.90625 0 -2.40625
vt 0.0625 1
vt 0 1
vt 0 0.9375
vt 0.0625 0.9375
vt 0.0625 0.9375
vt 0.0625 1
vt 0 1
vt 0 0.9375
vt 0 0.9375
vt 0.0625 0.9375
vt 0.0625 1
vt 0 1
vt 0.0625 0.9375
vt 0.0625 1
vt 0 1
vt 0 0.9375
vt 0.0625 0.9375
vt 0.0625 1
vt 0 1
vt 0 0.9375
vt 0.0625 1
vt 0 1
vt 0 0.9375
vt 0.0625 0.9375
vn 1 0 0
vn -1 0 0
vn 0 1 0
vn 0 -1 0
vn 0 0 1
vn 0 0 -1
usemtl none
f 865/2422/610 864/2423/610 866/2424/610 867/2425/610
f 870/2426/611 868/2427/611 869/2428/611 871/2429/611
f 868/2430/612 864/2431/612 865/2432/612 869/2433/612
f 867/2434/613 866/2435/613 870/2436/613 871/2437/613
f 866/2438/614 864/2439/614 868/2440/614 870/2441/614
f 869/2442/615 865/2443/615 867/2444/615 871/2445/615
o Enemy
v 0.09375 0.0625 -2.34375
v 0.09375 0.0625 -2.40625
v 0.09375 0 -2.34375
v 0.09375 0 -2.40625
v 0.03125 0.0625 -2.34375
v 0.03125 0.0625 -2.40625
v 0.03125 0 -2.34375
v 0.03125 0 -2.40625
vt 0.0625 1
vt 0 1
vt 0 0.9375
vt 0.0625 0.9375
vt 0.0625 0.9375
vt 0.0625 1
vt 0 1
vt 0 0.9375
vt 0 0.9375
vt 0.0625 0.9375
vt 0.0625 1
vt 0 1
vt 0.0625 0.9375
vt 0.0625 1
vt 0 1
vt 0 0.9375
vt 0.0625 0.9375
vt 0.0625 1
vt 0 1
vt 0 0.9375
vt 0.0625 1
vt 0 1
vt 0 0.9375
vt 0.0625 0.9375
vn 1 0 0
vn -1 0 0
vn 0 1 0
vn 0 -1 0
vn 0 0 1
vn 0 0 -1
usemtl none
f 873/2446/616 872/2447/616 874/2448/616 875/2449/616
f 878/2450/617 876/2451/617 877/2452/617 879/2453/617
f 876/2454/618 872/2455/618 873/2456/618 877/2457/618
f 875/2458/619 874/2459/619 878/2460/619 879/2461/619
f 874/2462/620 872/2463/620 876/2464/620 878/2465/620
f 877/2466/621 873/2467/621 875/2468/621 879/2469/621
o Enemy
v 0.71875 0.0625 -2.03125
v 0.71875 0.0625 -2.09375
v 0.71875 0 -2.03125
v 0.71875 0 -2.09375
v 0.65625 0.0625 -2.03125
v 0.65625 0.0625 -2.09375
v 0.65625 0 -2.03125
v 0.65625 0 -2.09375
vt 0.0625 1
vt 0 1
vt 0 0.9375
vt 0.0625 0.9375
vt 0.0625 0.9375
vt 0.0625 1
vt 0 1
vt 0 0.9375
vt 0 0.9375
vt 0.0625 0.9375
vt 0.0625 1
vt 0 1
vt 0.0625 0.9375
vt 0.0625 1
vt 0 1
vt 0 0.9375
vt 0.0625 0.9375
vt 0.0625 1
vt 0 1
vt 0 0.9375
vt 0.0625 1
vt 0 1
vt 0 0.9375
vt 0.0625 0.9375
vn 1 0 0
vn -1 0 0
vn 0 1 0
vn 0 -1 0
vn 0 0 1
vn 0 0 -1
usemtl none
f 881/2470/622 880/2471/622 882/2472/622 883/2473/622
f 886/2474/623 884/2475/623 885/2476/623 887/2477/623
f 884/2478/624 880/2479/624 881/2480/624 885/2481/624
f 883/2482/625 882/2483/625 886/2484/625 887/2485/625
f 882/2486/626 880/2487/626 884/2488/626 886/2489/626
f 885/2490/627 881/2491/627 883/2492/627 887/2493/627
o Enemy
v 1.09375 0.0625 -2.34375
v 1.09375 0.0625 -2.40625
v 1.09375 0 -2.34375
v 1.09375 0 -2.40625
v 1.03125 0.0625 -2.34375
v 1.03125 0.0625 -2.40625
v 1.03125 0 -2.34375
v 1.03125 0 -2.40625
vt 0.0625 1
vt 0 1
vt 0 0.9375
vt 0.0625 0.9375
vt 0.0625 0.9375
vt 0.0625 1
vt 0 1
vt 0 0.9375
vt 0 0.9375
vt 0.0625 0.9375
vt 0.0625 1
vt 0 1
vt 0.0625 0.9375
vt 0.0625 1
vt 0 1
vt 0 0.9375
vt 0.0625 0.9375
vt 0.0625 1
vt 0 1
vt 0 0.9375
vt 0.0625 1
vt 0 1
vt 0 0.9375
vt 0.0625 0.9375
vn 1 0 0
vn -1 0 0
vn 0 1 0
vn 0 -1 0
vn 0 0 1
vn 0 0 -1
usemtl none
f 889/2494/628 888/2495/628 890/2496/628 891/2497/628
f 894/2498/629 892/2499/629 893/2500/629 895/2501/629
f 892/2502/630 888/2503/630 889/2504/630 893/2505/630
f 891/2506/631 890/2507/631 894/2508/631 895/2509/631
f 890/2510/632 888/2511/632 892/2512/632 894/2513/632
f 893/2514/633 889/2515/633 891/2516/633 895/2517/633
o Enemy
v 0.84375 0.0625 -2.34375
v 0.84375 0.0625 -2.40625
v 0.84375 0 -2.34375
v 0.84375 0 -2.40625
v 0.78125 0.0625 -2.34375
v 0.78125 0.0625 -2.40625
v 0.78125 0 -2.34375
v 0.78125 0 -2.40625
vt 0.0625 1
vt 0 1
vt 0 0.9375
vt 0.0625 0.9375
vt 0.0625 0.9375
vt 0.0625 1
vt 0 1
vt 0 0.9375
vt 0 0.9375
vt 0.0625 0.9375
vt 0.0625 1
vt 0 1
vt 0.0625 0.9375
vt 0.0625 1
vt 0 1
vt 0 0.9375
vt 0.0625 0.9375
vt 0.0625 1
vt 0 1
vt 0 0.9375
vt 0.0625 1
vt 0 1
vt 0 0.9375
vt 0.0625 0.9375
vn 1 0 0
vn -1 0 0
vn 0 1 0
vn 0 -1 0
vn 0 0 1
vn 0 0 -1
usemtl none
f 897/2518/634 896/2519/634 898/2520/634 899/2521/634
f 902/2522/635 900/2523/635 901/2524/635 903/2525/635
f 900/2526/636 896/2527/636 897/2528/636 901/2529/636
f 899/2530/637 898/2531/637 902/2532/637 903/2533/637
f 898/2534/638 896/2535/638 900/2536/638 902/2537/638
f 901/2538/639 897/2539/639 899/2540/639 903/2541/639
o Enemy
v 1.03125 0.0625 -2.21875
v 1.03125 0.0625 -2.28125
v 1.03125 0 -2.21875
v 1.03125 0 -2.28125
v 0.96875 0.0625 -2.21875
v 0.96875 0.0625 -2.28125
v 0.96875 0 -2.21875
v 0.96875 0 -2.28125
vt 0.0625 1
vt 0 1
vt 0 0.9375
vt 0.0625 0.9375
vt 0.0625 0.9375
vt 0.0625 1
vt 0 1
vt 0 0.9375
vt 0 0.9375
vt 0.0625 0.9375
vt 0.0625 1
vt 0 1
vt 0.0625 0.9375
vt 0.0625 1
vt 0 1
vt 0 0.9375
vt 0.0625 0.9375
vt 0.0625 1
vt 0 1
vt 0 0.9375
vt 0.0625 1
vt 0 1
vt 0 0.9375
vt 0.0625 0.9375
vn 1 0 0
vn -1 0 0
vn 0 1 0
vn 0 -1 0
vn 0 0 1
vn 0 0 -1
usemtl none
f 905/2542/640 904/2543/640 906/2544/640 907/2545/640
f 910/2546/641 908/2547/641 909/2548/641 911/2549/641
f 908/2550/642 904/2551/642 905/2552/642 909/2553/642
f 907/2554/643 906/2555/643 910/2556/643 911/2557/643
f 906/2558/644 904/2559/644 908/2560/644 910/2561/644
f 909/2562/645 905/2563/645 907/2564/645 911/2565/645
o Enemy
v 0.90625 0.0625 -2.21875
v 0.90625 0.0625 -2.28125
v 0.90625 0 -2.21875
v 0.90625 0 -2.28125
v 0.84375 0.0625 -2.21875
v 0.84375 0.0625 -2.28125
v 0.84375 0 -2.21875
v 0.84375 0 -2.28125
vt 0.0625 1
vt 0 1
vt 0 0.9375
vt 0.0625 0.9375
vt 0.0625 0.9375
vt 0.0625 1
vt 0 1
vt 0 0.9375
vt 0 0.9375
vt 0.0625 0.9375
vt 0.0625 1
vt 0 1
vt 0.0625 0.9375
vt 0.0625 1
vt 0 1
vt 0 0.9375
vt 0.0625 0.9375
vt 0.0625 1
vt 0 1
vt 0 0.9375
vt 0.0625 1
vt 0 1
vt 0 0.9375
vt 0.0625 0.9375
vn 1 0 0
vn -1 0 0
vn 0 1 0
vn 0 -1 0
vn 0 0 1
vn 0 0 -1
usemtl none
f 913/2566/646 912/2567/646 914/2568/646 915/2569/646
f 918/2570/647 916/2571/647 917/2572/647 919/2573/647
f 916/2574/648 912/2575/648 913/2576/648 917/2577/648
f 915/2578/649 914/2579/649 918/2580/649 919/2581/649
f 914/2582/650 912/2583/650 916/2584/650 918/2585/650
f 917/2586/651 913/2587/651 915/2588/651 919/2589/651
o Firecracker
v -0.125 0.0703125 2.1875
v -0.125 0.1171875 2.1875
v -0.11852791308792039 0.0703125 2.203125
v -0.11852791308792039 0.1171875 2.203125
v -0.109375 0.0703125 2.19397208691208
v -0.109375 0.1171875 2.19397208691208
v -0.109375 0.0703125 2.18102791308792
v -0.109375 0.1171875 2.18102791308792
v -0.11852791308792039 0.0703125 2.171875
v -0.11852791308792039 0.1171875 2.171875
v -0.13147208691207962 0.0703125 2.171875
v -0.13147208691207962 0.1171875 2.171875
v -0.140625 0.0703125 2.18102791308792
v -0.140625 0.1171875 2.18102791308792
v -0.140625 0.0703125 2.19397208691208
v -0.140625 0.1171875 2.19397208691208
v -0.13147208691207962 0.0703125 2.203125
v -0.13147208691207962 0.1171875 2.203125
vt 0.033824594070919756 0.9760818464150276
vt 0.023917046079069255 0.9999999999999969
vt 0 0.9760818464150276
vt 0 0.875
vt 0.0258875 0.875
vt 0.0258875 1
vt 0 1
vt 1.5612511283791264e-17 0.9661754059290802
vt 0.02391815358496929 0.9760829539209308
vt 0 1
vt 0.03125 0.9741125
vt 0.03125 1
vt 0 0.98705625
vt 0 0.875
vt 0.0258875 0.875
vt 0.0258875 1
vt 0 1
vt 0.03125 0.9741125
vt 0.03125 1
vt 0 0.98705625
vt 1.5612511283791264e-17 0.9661754059290802
vt 0.02391815358496929 0.9760829539209308
vt 0 1
vt 0 0.875
vt 0.0258875 0.875
vt 0.0258875 1
vt 0 1
vt 0.033824594070919756 0.9760818464150276
vt 0.023917046079069255 0.9999999999999969
vt 0 0.9760818464150276
vt 0 0.96875
vt 0.0258875 0.96875
vt 0.01294375 1
vt 0 0.875
vt 0.0258875 0.875
vt 0.0258875 1
vt 0 1
vt 0.0258875 1
vt 0 1
vt 0.01294375 0.96875
vt 0 1
vt 0.0099075479918505 0.9760818464150307
vt 0.033824594070919756 1
vt 0 0.875
vt 0.0258875 0.875
vt 0.0258875 1
vt 0 1
vt 0.02391815358497241 1
vt 3.1259717037102064e-15 0.9900924520081494
vt 0.0239181535849724 0.9661754059290802
vt 0 1
vt 0 0.9741125
vt 0.03125 0.98705625
vt 0 0.875
vt 0.0258875 0.875
vt 0.0258875 1
vt 0 1
vt 0 1
vt 0 0.9741125
vt 0.03125 0.98705625
vt 0.02391815358497241 1
vt 3.1259717037102064e-15 0.9900924520081494
vt 0.0239181535849724 0.9661754059290802
vt 0 0.875
vt 0.0258875 0.875
vt 0.0258875 1
vt 0 1
vt 0 1
vt 0.0099075479918505 0.9760818464150307
vt 0.033824594070919756 1
vt 0.0258875 1
vt 0 1
vt 0.01294375 0.96875
vt 0 0.875
vt 0.0258875 0.875
vt 0.0258875 1
vt 0 1
vt 0 0.96875
vt 0.0258875 0.96875
vt 0.01294375 1
vn 0 -1 0
vn 0.7071067811865475 0 0.7071067811865476
vn 0 1 0
vn 0 -1 0
vn 1 0 0
vn 0 1 0
vn 0 -1 0
vn 0.7071067811865476 0 -0.7071067811865475
vn 0 1 0
vn 0 -1 0
vn 2.6803154833089315e-16 0 -1
vn 0 1 0
vn 0 -1 0
vn -0.7071067811865474 0 -0.7071067811865478
vn 0 1 0
vn 0 -1 0
vn -1 0 -2.6803154833089285e-16
vn 0 1 0
vn 0 -1 0
vn -0.7071067811865477 0 0.7071067811865475
vn 0 1 0
vn 0 -1 0
vn -1.3401577416544645e-16 0 1
vn 0 1 0
usemtl none
f 924/2590/652 922/2591/652 920/2592/652
f 922/2593/653 924/2594/653 925/2595/653 923/2596/653
f 923/2597/654 925/2598/654 921/2599/654
f 926/2600/655 924/2601/655 920/2602/655
f 924/2603/656 926/2604/656 927/2605/656 925/2606/656
f 925/2607/657 927/2608/657 921/2609/657
f 928/2610/658 926/2611/658 920/2612/658
f 926/2613/659 928/2614/659 929/2615/659 927/2616/659
f 927/2617/660 929/2618/660 921/2619/660
f 930/2620/661 928/2621/661 920/2622/661
f 928/2623/662 930/2624/662 931/2625/662 929/2626/662
f 929/2627/663 931/2628/663 921/2629/663
f 932/2630/664 930/2631/664 920/2632/664
f 930/2633/665 932/2634/665 933/2635/665 931/2636/665
f 931/2637/666 933/2638/666 921/2639/666
f 934/2640/667 932/2641/667 920/2642/667
f 932/2643/668 934/2644/668 935/2645/668 933/2646/668
f 933/2647/669 935/2648/669 921/2649/669
f 936/2650/670 934/2651/670 920/2652/670
f 934/2653/671 936/2654/671 937/2655/671 935/2656/671
f 935/2657/672 937/2658/672 921/2659/672
f 922/2660/673 936/2661/673 920/2662/673
f 936/2663/674 922/2664/674 923/2665/674 937/2666/674
f 937/2667/675 923/2668/675 921/2669/675
o Firecracker
v 1.125 0.0703125 1.5
v 1.125 0.1171875 1.5
v 1.1314720869120796 0.0703125 1.515625
v 1.1314720869120796 0.1171875 1.515625
v 1.140625 0.0703125 1.5064720869120796
v 1.140625 0.1171875 1.5064720869120796
v 1.140625 0.0703125 1.4935279130879204
v 1.140625 0.1171875 1.4935279130879204
v 1.1314720869120796 0.0703125 1.484375
v 1.1314720869120796 0.1171875 1.484375
v 1.1185279130879204 0.0703125 1.484375
v 1.1185279130879204 0.1171875 1.484375
v 1.109375 0.0703125 1.4935279130879204
v 1.109375 0.1171875 1.4935279130879204
v 1.109375 0.0703125 1.5064720869120796
v 1.109375 0.1171875 1.5064720869120796
v 1.1185279130879204 0.0703125 1.515625
v 1.1185279130879204 0.1171875 1.515625
vt 0.033824594070919756 0.9760818464150276
vt 0.023917046079069255 0.9999999999999969
vt 0 0.9760818464150276
vt 0 0.875
vt 0.0258875 0.875
vt 0.0258875 1
vt 0 1
vt 1.5612511283791264e-17 0.9661754059290802
vt 0.02391815358496929 0.9760829539209308
vt 0 1
vt 0.03125 0.9741125
vt 0.03125 1
vt 0 0.98705625
vt 0 0.875
vt 0.0258875 0.875
vt 0.0258875 1
vt 0 1
vt 0.03125 0.9741125
vt 0.03125 1
vt 0 0.98705625
vt 1.5612511283791264e-17 0.9661754059290802
vt 0.02391815358496929 0.9760829539209308
vt 0 1
vt 0 0.875
vt 0.0258875 0.875
vt 0.0258875 1
vt 0 1
vt 0.033824594070919756 0.9760818464150276
vt 0.023917046079069255 0.9999999999999969
vt 0 0.9760818464150276
vt 0 0.96875
vt 0.0258875 0.96875
vt 0.01294375 1
vt 0 0.875
vt 0.0258875 0.875
vt 0.0258875 1
vt 0 1
vt 0.0258875 1
vt 0 1
vt 0.01294375 0.96875
vt 0 1
vt 0.0099075479918505 0.9760818464150307
vt 0.033824594070919756 1
vt 0 0.875
vt 0.0258875 0.875
vt 0.0258875 1
vt 0 1
vt 0.02391815358497241 1
vt 3.1259717037102064e-15 0.9900924520081494
vt 0.0239181535849724 0.9661754059290802
vt 0 1
vt 0 0.9741125
vt 0.03125 0.98705625
vt 0 0.875
vt 0.0258875 0.875
vt 0.0258875 1
vt 0 1
vt 0 1
vt 0 0.9741125
vt 0.03125 0.98705625
vt 0.02391815358497241 1
vt 3.1259717037102064e-15 0.9900924520081494
vt 0.0239181535849724 0.9661754059290802
vt 0 0.875
vt 0.0258875 0.875
vt 0.0258875 1
vt 0 1
vt 0 1
vt 0.0099075479918505 0.9760818464150307
vt 0.033824594070919756 1
vt 0.0258875 1
vt 0 1
vt 0.01294375 0.96875
vt 0 0.875
vt 0.0258875 0.875
vt 0.0258875 1
vt 0 1
vt 0 0.96875
vt 0.0258875 0.96875
vt 0.01294375 1
vn 0 -1 0
vn 0.7071067811865475 0 0.7071067811865476
vn 0 1 0
vn 0 -1 0
vn 1 0 0
vn 0 1 0
vn 0 -1 0
vn 0.7071067811865476 0 -0.7071067811865475
vn 0 1 0
vn 0 -1 0
vn 2.6803154833089315e-16 0 -1
vn 0 1 0
vn 0 -1 0
vn -0.7071067811865474 0 -0.7071067811865478
vn 0 1 0
vn 0 -1 0
vn -1 0 -2.6803154833089285e-16
vn 0 1 0
vn 0 -1 0
vn -0.7071067811865477 0 0.7071067811865475
vn 0 1 0
vn 0 -1 0
vn -1.3401577416544645e-16 0 1
vn 0 1 0
usemtl none
f 942/2670/676 940/2671/676 938/2672/676
f 940/2673/677 942/2674/677 943/2675/677 941/2676/677
f 941/2677/678 943/2678/678 939/2679/678
f 944/2680/679 942/2681/679 938/2682/679
f 942/2683/680 944/2684/680 945/2685/680 943/2686/680
f 943/2687/681 945/2688/681 939/2689/681
f 946/2690/682 944/2691/682 938/2692/682
f 944/2693/683 946/2694/683 947/2695/683 945/2696/683
f 945/2697/684 947/2698/684 939/2699/684
f 948/2700/685 946/2701/685 938/2702/685
f 946/2703/686 948/2704/686 949/2705/686 947/2706/686
f 947/2707/687 949/2708/687 939/2709/687
f 950/2710/688 948/2711/688 938/2712/688
f 948/2713/689 950/2714/689 951/2715/689 949/2716/689
f 949/2717/690 951/2718/690 939/2719/690
f 952/2720/691 950/2721/691 938/2722/691
f 950/2723/692 952/2724/692 953/2725/692 951/2726/692
f 951/2727/693 953/2728/693 939/2729/693
f 954/2730/694 952/2731/694 938/2732/694
f 952/2733/695 954/2734/695 955/2735/695 953/2736/695
f 953/2737/696 955/2738/696 939/2739/696
f 940/2740/697 954/2741/697 938/2742/697
f 954/2743/698 940/2744/698 941/2745/698 955/2746/698
f 955/2747/699 941/2748/699 939/2749/699
o Firecracker
v -0.125 0.0703125 -0.8125
v -0.125 0.1171875 -0.8125
v -0.11852791308792039 0.0703125 -0.796875
v -0.11852791308792039 0.1171875 -0.796875
v -0.109375 0.0703125 -0.8060279130879204
v -0.109375 0.1171875 -0.8060279130879204
v -0.109375 0.0703125 -0.8189720869120796
v -0.109375 0.1171875 -0.8189720869120796
v -0.11852791308792039 0.0703125 -0.828125
v -0.11852791308792039 0.1171875 -0.828125
v -0.13147208691207962 0.0703125 -0.828125
v -0.13147208691207962 0.1171875 -0.828125
v -0.140625 0.0703125 -0.8189720869120796
v -0.140625 0.1171875 -0.8189720869120796
v -0.140625 0.0703125 -0.8060279130879204
v -0.140625 0.1171875 -0.8060279130879204
v -0.13147208691207962 0.0703125 -0.796875
v -0.13147208691207962 0.1171875 -0.796875
vt 0.033824594070919756 0.9760818464150276
vt 0.023917046079069255 0.9999999999999969
vt 0 0.9760818464150276
vt 0 0.875
vt 0.0258875 0.875
vt 0.0258875 1
vt 0 1
vt 1.5612511283791264e-17 0.9661754059290802
vt 0.02391815358496929 0.9760829539209308
vt 0 1
vt 0.03125 0.9741125
vt 0.03125 1
vt 0 0.98705625
vt 0 0.875
vt 0.0258875 0.875
vt 0.0258875 1
vt 0 1
vt 0.03125 0.9741125
vt 0.03125 1
vt 0 0.98705625
vt 1.5612511283791264e-17 0.9661754059290802
vt 0.02391815358496929 0.9760829539209308
vt 0 1
vt 0 0.875
vt 0.0258875 0.875
vt 0.0258875 1
vt 0 1
vt 0.033824594070919756 0.9760818464150276
vt 0.023917046079069255 0.9999999999999969
vt 0 0.9760818464150276
vt 0 0.96875
vt 0.0258875 0.96875
vt 0.01294375 1
vt 0 0.875
vt 0.0258875 0.875
vt 0.0258875 1
vt 0 1
vt 0.0258875 1
vt 0 1
vt 0.01294375 0.96875
vt 0 1
vt 0.0099075479918505 0.9760818464150307
vt 0.033824594070919756 1
vt 0 0.875
vt 0.0258875 0.875
vt 0.0258875 1
vt 0 1
vt 0.02391815358497241 1
vt 3.1259717037102064e-15 0.9900924520081494
vt 0.0239181535849724 0.9661754059290802
vt 0 1
vt 0 0.9741125
vt 0.03125 0.98705625
vt 0 0.875
vt 0.0258875 0.875
vt 0.0258875 1
vt 0 1
vt 0 1
vt 0 0.9741125
vt 0.03125 0.98705625
vt 0.02391815358497241 1
vt 3.1259717037102064e-15 0.9900924520081494
vt 0.0239181535849724 0.9661754059290802
vt 0 0.875
vt 0.0258875 0.875
vt 0.0258875 1
vt 0 1
vt 0 1
vt 0.0099075479918505 0.9760818464150307
vt 0.033824594070919756 1
vt 0.0258875 1
vt 0 1
vt 0.01294375 0.96875
vt 0 0.875
vt 0.0258875 0.875
vt 0.0258875 1
vt 0 1
vt 0 0.96875
vt 0.0258875 0.96875
vt 0.01294375 1
vn 0 -1 0
vn 0.7071067811865475 0 0.7071067811865476
vn 0 1 0
vn 0 -1 0
vn 1 0 0
vn 0 1 0
vn 0 -1 0
vn 0.7071067811865476 0 -0.7071067811865475
vn 0 1 0
vn 0 -1 0
vn 2.6803154833089315e-16 0 -1
vn 0 1 0
vn 0 -1 0
vn -0.7071067811865474 0 -0.7071067811865478
vn 0 1 0
vn 0 -1 0
vn -1 0 -2.6803154833089285e-16
vn 0 1 0
vn 0 -1 0
vn -0.7071067811865477 0 0.7071067811865475
vn 0 1 0
vn 0 -1 0
vn -1.3401577416544645e-16 0 1
vn 0 1 0
usemtl none
f 960/2750/700 958/2751/700 956/2752/700
f 958/2753/701 960/2754/701 961/2755/701 959/2756/701
f 959/2757/702 961/2758/702 957/2759/702
f 962/2760/703 960/2761/703 956/2762/703
f 960/2763/704 962/2764/704 963/2765/704 961/2766/704
f 961/2767/705 963/2768/705 957/2769/705
f 964/2770/706 962/2771/706 956/2772/706
f 962/2773/707 964/2774/707 965/2775/707 963/2776/707
f 963/2777/708 965/2778/708 957/2779/708
f 966/2780/709 964/2781/709 956/2782/709
f 964/2783/710 966/2784/710 967/2785/710 965/2786/710
f 965/2787/711 967/2788/711 957/2789/711
f 968/2790/712 966/2791/712 956/2792/712
f 966/2793/713 968/2794/713 969/2795/713 967/2796/713
f 967/2797/714 969/2798/714 957/2799/714
f 970/2800/715 968/2801/715 956/2802/715
f 968/2803/716 970/2804/716 971/2805/716 969/2806/716
f 969/2807/717 971/2808/717 957/2809/717
f 972/2810/718 970/2811/718 956/2812/718
f 970/2813/719 972/2814/719 973/2815/719 971/2816/719
f 971/2817/720 973/2818/720 957/2819/720
f 958/2820/721 972/2821/721 956/2822/721
f 972/2823/722 958/2824/722 959/2825/722 973/2826/722
f 973/2827/723 959/2828/723 957/2829/723
o Firecracker
v 0.4375 0.0703125 -1.625
v 0.4375 0.1171875 -1.625
v 0.4439720869120796 0.0703125 -1.609375
v 0.4439720869120796 0.1171875 -1.609375
v 0.453125 0.0703125 -1.6185279130879204
v 0.453125 0.1171875 -1.6185279130879204
v 0.453125 0.0703125 -1.6314720869120796
v 0.453125 0.1171875 -1.6314720869120796
v 0.4439720869120796 0.0703125 -1.640625
v 0.4439720869120796 0.1171875 -1.640625
v 0.4310279130879204 0.0703125 -1.640625
v 0.4310279130879204 0.1171875 -1.640625
v 0.421875 0.0703125 -1.6314720869120796
v 0.421875 0.1171875 -1.6314720869120796
v 0.421875 0.0703125 -1.6185279130879204
v 0.421875 0.1171875 -1.6185279130879204
v 0.4310279130879204 0.0703125 -1.609375
v 0.4310279130879204 0.1171875 -1.609375
vt 0.033824594070919756 0.9760818464150276
vt 0.023917046079069255 0.9999999999999969
vt 0 0.9760818464150276
vt 0 0.875
vt 0.0258875 0.875
vt 0.0258875 1
vt 0 1
vt 1.5612511283791264e-17 0.9661754059290802
vt 0.02391815358496929 0.9760829539209308
vt 0 1
vt 0.03125 0.9741125
vt 0.03125 1
vt 0 0.98705625
vt 0 0.875
vt 0.0258875 0.875
vt 0.0258875 1
vt 0 1
vt 0.03125 0.9741125
vt 0.03125 1
vt 0 0.98705625
vt 1.5612511283791264e-17 0.9661754059290802
vt 0.02391815358496929 0.9760829539209308
vt 0 1
vt 0 0.875
vt 0.0258875 0.875
vt 0.0258875 1
vt 0 1
vt 0.033824594070919756 0.9760818464150276
vt 0.023917046079069255 0.9999999999999969
vt 0 0.9760818464150276
vt 0 0.96875
vt 0.0258875 0.96875
vt 0.01294375 1
vt 0 0.875
vt 0.0258875 0.875
vt 0.0258875 1
vt 0 1
vt 0.0258875 1
vt 0 1
vt 0.01294375 0.96875
vt 0 1
vt 0.0099075479918505 0.9760818464150307
vt 0.033824594070919756 1
vt 0 0.875
vt 0.0258875 0.875
vt 0.0258875 1
vt 0 1
vt 0.02391815358497241 1
vt 3.1259717037102064e-15 0.9900924520081494
vt 0.0239181535849724 0.9661754059290802
vt 0 1
vt 0 0.9741125
vt 0.03125 0.98705625
vt 0 0.875
vt 0.0258875 0.875
vt 0.0258875 1
vt 0 1
vt 0 1
vt 0 0.9741125
vt 0.03125 0.98705625
vt 0.02391815358497241 1
vt 3.1259717037102064e-15 0.9900924520081494
vt 0.0239181535849724 0.9661754059290802
vt 0 0.875
vt 0.0258875 0.875
vt 0.0258875 1
vt 0 1
vt 0 1
vt 0.0099075479918505 0.9760818464150307
vt 0.033824594070919756 1
vt 0.0258875 1
vt 0 1
vt 0.01294375 0.96875
vt 0 0.875
vt 0.0258875 0.875
vt 0.0258875 1
vt 0 1
vt 0 0.96875
vt 0.0258875 0.96875
vt 0.01294375 1
vn 0 -1 0
vn 0.7071067811865475 0 0.7071067811865476
vn 0 1 0
vn 0 -1 0
vn 1 0 0
vn 0 1 0
vn 0 -1 0
vn 0.7071067811865476 0 -0.7071067811865475
vn 0 1 0
vn 0 -1 0
vn 2.6803154833089315e-16 0 -1
vn 0 1 0
vn 0 -1 0
vn -0.7071067811865474 0 -0.7071067811865478
vn 0 1 0
vn 0 -1 0
vn -1 0 -2.6803154833089285e-16
vn 0 1 0
vn 0 -1 0
vn -0.7071067811865477 0 0.7071067811865475
vn 0 1 0
vn 0 -1 0
vn -1.3401577416544645e-16 0 1
vn 0 1 0
usemtl none
f 978/2830/724 976/2831/724 974/2832/724
f 976/2833/725 978/2834/725 979/2835/725 977/2836/725
f 977/2837/726 979/2838/726 975/2839/726
f 980/2840/727 978/2841/727 974/2842/727
f 978/2843/728 980/2844/728 981/2845/728 979/2846/728
f 979/2847/729 981/2848/729 975/2849/729
f 982/2850/730 980/2851/730 974/2852/730
f 980/2853/731 982/2854/731 983/2855/731 981/2856/731
f 981/2857/732 983/2858/732 975/2859/732
f 984/2860/733 982/2861/733 974/2862/733
f 982/2863/734 984/2864/734 985/2865/734 983/2866/734
f 983/2867/735 985/2868/735 975/2869/735
f 986/2870/736 984/2871/736 974/2872/736
f 984/2873/737 986/2874/737 987/2875/737 985/2876/737
f 985/2877/738 987/2878/738 975/2879/738
f 988/2880/739 986/2881/739 974/2882/739
f 986/2883/740 988/2884/740 989/2885/740 987/2886/740
f 987/2887/741 989/2888/741 975/2889/741
f 990/2890/742 988/2891/742 974/2892/742
f 988/2893/743 990/2894/743 991/2895/743 989/2896/743
f 989/2897/744 991/2898/744 975/2899/744
f 976/2900/745 990/2901/745 974/2902/745
f 990/2903/746 976/2904/746 977/2905/746 991/2906/746
f 991/2907/747 977/2908/747 975/2909/747
o Firecracker
v -1.1875 0.0703125 -2.25
v -1.1875 0.1171875 -2.25
v -1.1810279130879204 0.0703125 -2.234375
v -1.1810279130879204 0.1171875 -2.234375
v -1.171875 0.0703125 -2.24352791308792
v -1.171875 0.1171875 -2.24352791308792
v -1.171875 0.0703125 -2.25647208691208
v -1.171875 0.1171875 -2.25647208691208
v -1.1810279130879204 0.0703125 -2.265625
v -1.1810279130879204 0.1171875 -2.265625
v -1.1939720869120796 0.0703125 -2.265625
v -1.1939720869120796 0.1171875 -2.265625
v -1.203125 0.0703125 -2.25647208691208
v -1.203125 0.1171875 -2.25647208691208
v -1.203125 0.0703125 -2.24352791308792
v -1.203125 0.1171875 -2.24352791308792
v -1.1939720869120796 0.0703125 -2.234375
v -1.1939720869120796 0.1171875 -2.234375
vt 0.033824594070919756 0.9760818464150276
vt 0.023917046079069255 0.9999999999999969
vt 0 0.9760818464150276
vt 0 0.875
vt 0.0258875 0.875
vt 0.0258875 1
vt 0 1
vt 1.5612511283791264e-17 0.9661754059290802
vt 0.02391815358496929 0.9760829539209308
vt 0 1
vt 0.03125 0.9741125
vt 0.03125 1
vt 0 0.98705625
vt 0 0.875
vt 0.0258875 0.875
vt 0.0258875 1
vt 0 1
vt 0.03125 0.9741125
vt 0.03125 1
vt 0 0.98705625
vt 1.5612511283791264e-17 0.9661754059290802
vt 0.02391815358496929 0.9760829539209308
vt 0 1
vt 0 0.875
vt 0.0258875 0.875
vt 0.0258875 1
vt 0 1
vt 0.033824594070919756 0.9760818464150276
vt 0.023917046079069255 0.9999999999999969
vt 0 0.9760818464150276
vt 0 0.96875
vt 0.0258875 0.96875
vt 0.01294375 1
vt 0 0.875
vt 0.0258875 0.875
vt 0.0258875 1
vt 0 1
vt 0.0258875 1
vt 0 1
vt 0.01294375 0.96875
vt 0 1
vt 0.0099075479918505 0.9760818464150307
vt 0.033824594070919756 1
vt 0 0.875
vt 0.0258875 0.875
vt 0.0258875 1
vt 0 1
vt 0.02391815358497241 1
vt 3.1259717037102064e-15 0.9900924520081494
vt 0.0239181535849724 0.9661754059290802
vt 0 1
vt 0 0.9741125
vt 0.03125 0.98705625
vt 0 0.875
vt 0.0258875 0.875
vt 0.0258875 1
vt 0 1
vt 0 1
vt 0 0.9741125
vt 0.03125 0.98705625
vt 0.02391815358497241 1
vt 3.1259717037102064e-15 0.9900924520081494
vt 0.0239181535849724 0.9661754059290802
vt 0 0.875
vt 0.0258875 0.875
vt 0.0258875 1
vt 0 1
vt 0 1
vt 0.0099075479918505 0.9760818464150307
vt 0.033824594070919756 1
vt 0.0258875 1
vt 0 1
vt 0.01294375 0.96875
vt 0 0.875
vt 0.0258875 0.875
vt 0.0258875 1
vt 0 1
vt 0 0.96875
vt 0.0258875 0.96875
vt 0.01294375 1
vn 0 -1 0
vn 0.7071067811865475 0 0.7071067811865476
vn 0 1 0
vn 0 -1 0
vn 1 0 0
vn 0 1 0
vn 0 -1 0
vn 0.7071067811865476 0 -0.7071067811865475
vn 0 1 0
vn 0 -1 0
vn 2.6803154833089315e-16 0 -1
vn 0 1 0
vn 0 -1 0
vn -0.7071067811865474 0 -0.7071067811865478
vn 0 1 0
vn 0 -1 0
vn -1 0 -2.6803154833089285e-16
vn 0 1 0
vn 0 -1 0
vn -0.7071067811865477 0 0.7071067811865475
vn 0 1 0
vn 0 -1 0
vn -1.3401577416544645e-16 0 1
vn 0 1 0
usemtl none
f 996/2910/748 994/2911/748 992/2912/748
f 994/2913/749 996/2914/749 997/2915/749 995/2916/749
f 995/2917/750 997/2918/750 993/2919/750
f 998/2920/751 996/2921/751 992/2922/751
f 996/2923/752 998/2924/752 999/2925/752 997/2926/752
f 997/2927/753 999/2928/753 993/2929/753
f 1000/2930/754 998/2931/754 992/2932/754
f 998/2933/755 1000/2934/755 1001/2935/755 999/2936/755
f 999/2937/756 1001/2938/756 993/2939/756
f 1002/2940/757 1000/2941/757 992/2942/757
f 1000/2943/758 1002/2944/758 1003/2945/758 1001/2946/758
f 1001/2947/759 1003/2948/759 993/2949/759
f 1004/2950/760 1002/2951/760 992/2952/760
f 1002/2953/761 1004/2954/761 1005/2955/761 1003/2956/761
f 1003/2957/762 1005/2958/762 993/2959/762
f 1006/2960/763 1004/2961/763 992/2962/763
f 1004/2963/764 1006/2964/764 1007/2965/764 1005/2966/764
f 1005/2967/765 1007/2968/765 993/2969/765
f 1008/2970/766 1006/2971/766 992/2972/766
f 1006/2973/767 1008/2974/767 1009/2975/767 1007/2976/767
f 1007/2977/768 1009/2978/768 993/2979/768
f 994/2980/769 1008/2981/769 992/2982/769
f 1008/2983/770 994/2984/770 995/2985/770 1009/2986/770
f 1009/2987/771 995/2988/771 993/2989/771